{
  "results": [
    {
      "command": "./dist-newstyle/build/x86_64-linux/ghc-9.4.8/smalltt-0.2.0.2/x/smalltt/build/smalltt/smalltt bench/asymptotics.stt",
      "mean": 0.10776382606000001,
      "stddev": 0.0008664410140346279,
      "median": 0.10765915054000001,
      "user": 0.045746777142857145,
      "system": 0.06228585142857145,
      "min": 0.10720961454000001,
      "max": 0.11858462954000001,
      "times": [
        0.11858462954000001,
        0.10878233954000001,
        0.10793405354000002,
        0.10767282954000001,
        0.10765291154000001,
        0.10749329554000002,
        0.10749934354000001,
        0.10770020554000001,
        0.10793125354000001,
        0.10776074354000001,
        0.10795570954000001,
        0.10778252154000001,
        0.10755622154000001,
        0.10759875454000001,
        0.10751839354,
        0.10796480454000001,
        0.10776306854,
        0.10823299954000001,
        0.10771821054000001,
        0.10782470254000001,
        0.10760908354000001,
        0.10745163954000002,
        0.10730667454000001,
        0.10760429354,
        0.10755099654000001,
        0.10750454754000001,
        0.10846437754000002,
        0.10800815654000001,
        0.10770908654000001,
        0.10740060254000001,
        0.10767892654000001,
        0.10789207154000001,
        0.10754781554000001,
        0.10752447554000001,
        0.10752819654000001,
        0.10749534254000001,
        0.10777848854000001,
        0.10757070154000001,
        0.10765505754000002,
        0.10760208154000002,
        0.10749652754000001,
        0.10750327654000001,
        0.10806947354000002,
        0.10743007954000001,
        0.10765120154000002,
        0.10780269854000002,
        0.10788791654000002,
        0.10744934454000002,
        0.10756322354000002,
        0.10758672354000001,
        0.10741724954000001,
        0.10759552154000002,
        0.10798021654,
        0.10771829654000001,
        0.10763597454000001,
        0.10796992754000001,
        0.10750410054000001,
        0.10778191754000001,
        0.10748366854000001,
        0.10803354854000001,
        0.10767040754000001,
        0.10761973654000001,
        0.10738606854000002,
        0.10762107354000001,
        0.10733651254000001,
        0.10804206354000001,
        0.10779772854000001,
        0.10800302354,
        0.10779322554000001,
        0.10765915054000001,
        0.10745530254000002,
        0.10792532354,
        0.10726626654000002,
        0.10757199754000002,
        0.10731575854000001,
        0.10751902554000001,
        0.10771700654000001,
        0.10731972054000001,
        0.10830686154000001,
        0.10819569054000001,
        0.10822364654000001,
        0.10798011754000002,
        0.10772421554000002,
        0.10802901654000001,
        0.10782786054000001,
        0.10754942754,
        0.10782020254,
        0.10750863454000001,
        0.10762550654000001,
        0.10793779454,
        0.10791859954000001,
        0.10767103054000002,
        0.10743640254000002,
        0.10772606854000001,
        0.10793971454000001,
        0.10779101354000001,
        0.10848218154000001,
        0.10752845554000001,
        0.10739011254000001,
        0.10785891154000002,
        0.10720961454000001,
        0.10791614054000001,
        0.10745374454,
        0.10757791254000001,
        0.10809456454000001,
        0.10756395954000002,
        0.10815155654000001,
        0.10751843654000001,
        0.10757982354000001,
        0.10743332754000001,
        0.10767741954000001,
        0.10741418454000001,
        0.10770743954000002,
        0.10780347754000001,
        0.10769362554000002,
        0.10768277054000001,
        0.10795953054000001,
        0.10779423254,
        0.10750779454,
        0.10733913554000002,
        0.10758077554,
        0.10756170554000001,
        0.10739775454000001,
        0.10804451154000001,
        0.10781548454,
        0.10734289354000001,
        0.10734464954000002,
        0.10729138054000001,
        0.10764143054000001,
        0.10828547854000001,
        0.10812259854000002,
        0.10770357454000001,
        0.10807703354000002,
        0.10756095754000002,
        0.10793635954000001,
        0.10736530954000001,
        0.10790664754000001,
        0.10781056654000001,
        0.10747435254000001,
        0.10823475154000001,
        0.10770654554000002,
        0.10746446354000001,
        0.10766686054,
        0.10791135054,
        0.10745515754000001,
        0.10774876954000001,
        0.10793829854000002,
        0.10761653154000002,
        0.10724938954000002,
        0.10727328754000001,
        0.10727262754000001,
        0.10785898454000001,
        0.10762086054000002,
        0.10773398454000001,
        0.10777545854000001,
        0.10852529454000001,
        0.10772306254000001,
        0.10759611854000001,
        0.10750022554000001,
        0.10748617754000002,
        0.10731056354000001,
        0.10794215754000001,
        0.10754116854000001,
        0.10747021354000001,
        0.10768065554000002,
        0.10749357354000001,
        0.10746836354000001,
        0.10791677854000001,
        0.10761721254,
        0.10750960654000001,
        0.10816232554,
        0.10761819554000002,
        0.10773654154000001,
        0.10803956254000001,
        0.10760093554000001
      ],
      "exit_codes": [
        0,
        0,
        0,
        0,
        0,
        0,
        0,
        0,
        0,
        0,
        0,
        0,
        0,
        0,
        0,
        0,
        0,
        0,
        0,
        0,
        0,
        0,
        0,
        0,
        0,
        0,
        0,
        0,
        0,
        0,
        0,
        0,
        0,
        0,
        0,
        0,
        0,
        0,
        0,
        0,
        0,
        0,
        0,
        0,
        0,
        0,
        0,
        0,
        0,
        0,
        0,
        0,
        0,
        0,
        0,
        0,
        0,
        0,
        0,
        0,
        0,
        0,
        0,
        0,
        0,
        0,
        0,
        0,
        0,
        0,
        0,
        0,
        0,
        0,
        0,
        0,
        0,
        0,
        0,
        0,
        0,
        0,
        0,
        0,
        0,
        0,
        0,
        0,
        0,
        0,
        0,
        0,
        0,
        0,
        0,
        0,
        0,
        0,
        0,
        0,
        0,
        0,
        0,
        0,
        0,
        0,
        0,
        0,
        0,
        0,
        0,
        0,
        0,
        0,
        0,
        0,
        0,
        0,
        0,
        0,
        0,
        0,
        0,
        0,
        0,
        0,
        0,
        0,
        0,
        0,
        0,
        0,
        0,
        0,
        0,
        0,
        0,
        0,
        0,
        0,
        0,
        0,
        0,
        0,
        0,
        0,
        0,
        0,
        0,
        0,
        0,
        0,
        0,
        0,
        0,
        0,
        0,
        0,
        0,
        0,
        0,
        0,
        0,
        0,
        0,
        0,
        0,
        0,
        0,
        0,
        0,
        0,
        0,
        0,
        0
      ]
    }
  ]
}
