{
  "results": [
    {
      "command": "./dist-newstyle/build/x86_64-linux/ghc-9.4.8/smalltt-0.2.0.2/x/smalltt/build/smalltt/smalltt bench/conv_eval.stt",
      "mean": 88.82071360137714,
      "stddev": 1.651001456682496,
      "median": 88.44100672948001,
      "user": 208.94023702571423,
      "system": 44.23277188000001,
      "min": 85.33265541848,
      "max": 92.88998263848,
      "times": [
        86.88307523648001,
        89.96640923448001,
        86.92325534648,
        86.50925485748,
        86.63731269348,
        87.47575089848,
        87.64501384348,
        88.72942583848,
        88.13978434948001,
        87.40245860348,
        91.19179377648,
        92.31244861948001,
        89.69062325548,
        88.89059882548,
        88.37426507948001,
        90.85360231048,
        88.85237640348001,
        89.08420467948001,
        88.45205603048001,
        87.51203272048001,
        87.40501869848,
        87.91786568248,
        89.44437749048001,
        89.34049482248001,
        87.48632589148,
        91.01458969448001,
        87.06749813548001,
        87.40017990348001,
        88.37001172048001,
        90.82480389248,
        87.91445197548,
        89.52483888848,
        87.27153065548,
        88.42136147548,
        88.44305322248,
        87.58556465748,
        88.30935327048,
        90.52966126048,
        87.89770036348,
        87.66272874748,
        87.30847737848,
        91.67008099948,
        88.96410681748,
        87.51940723148,
        91.05427436248,
        87.80312464648,
        89.83022457548,
        87.72234591848,
        88.27682766848001,
        86.28933090248,
        86.87648726048,
        88.48894916948001,
        89.57218772748,
        88.56487745248,
        89.84640736148,
        86.47557483648,
        92.48768824348001,
        86.85041383448001,
        87.96893365148,
        89.47635219748001,
        88.72314557148,
        88.39484570948001,
        88.14402398548,
        87.30383765148001,
        86.42031549148001,
        87.14804084048001,
        87.06306802048,
        87.81282843248,
        88.37976884648,
        90.58019554648,
        87.35575572248,
        90.32541476248001,
        88.44100672948001,
        90.69774933048001,
        91.25112868348,
        87.29438570448,
        87.87621728148001,
        87.31533937848,
        91.22347979048,
        89.52025288248001,
        88.29273255248,
        86.17739503048,
        90.83216034048,
        87.43772050848,
        89.18451337248,
        87.67043462048001,
        90.10354756448001,
        87.41946521948,
        85.56090119548,
        91.05391144648,
        89.62144827048,
        85.45727125548001,
        90.62195366248001,
        89.91983563048001,
        89.54303366648,
        90.32393292848,
        86.52885043648,
        88.52948323348001,
        88.29828736448,
        89.36951722448,
        87.90444849948001,
        86.32778312448,
        89.52998466248,
        85.33265541848,
        87.46860271148,
        87.82528665248,
        88.82998556048001,
        87.77640324048001,
        90.41889421948001,
        91.27331918448,
        90.59416496748,
        87.19177643448,
        90.78861837548,
        87.72329141848,
        91.19248816948,
        92.10496693148,
        90.65501401548,
        90.90997035348,
        91.74750239048001,
        88.02648136048,
        90.48293193748,
        88.69475546048001,
        90.54147044948,
        91.19079719248,
        88.38576537748,
        90.60882535048,
        87.39394056748,
        90.88467809448001,
        89.74057067648,
        92.88998263848,
        88.29086433848,
        87.27458223748,
        92.14139566848,
        87.38088762048001,
        90.60826092548001,
        88.71391451548,
        91.86446033048,
        90.71309993448,
        90.95625369548,
        89.71691847148,
        89.08795840048,
        90.74618888648,
        88.57857782948001,
        87.50090878548001,
        89.22229308248001,
        86.28063026448001,
        89.62876036748,
        86.87013690248,
        87.40374027748001,
        88.07453433748,
        90.87669676248001,
        88.12488319148001,
        89.43848487148,
        87.02800900748001,
        88.20092169848,
        87.82552883848001,
        89.29363488948,
        86.63364478348001,
        87.85093289848001,
        87.43417958548001,
        87.93271118248,
        88.72885003248001,
        92.16781745948,
        90.88018871648,
        92.09692581348,
        89.76596310548,
        87.38085360648,
        88.37829369248,
        91.05202673848001,
        90.51242631948,
        86.57646123948001,
        88.51407348648,
        87.94907484248,
        88.24315735648,
        87.62899664348001
      ],
      "exit_codes": [
        0,
        0,
        0,
        0,
        0,
        0,
        0,
        0,
        0,
        0,
        0,
        0,
        0,
        0,
        0,
        0,
        0,
        0,
        0,
        0,
        0,
        0,
        0,
        0,
        0,
        0,
        0,
        0,
        0,
        0,
        0,
        0,
        0,
        0,
        0,
        0,
        0,
        0,
        0,
        0,
        0,
        0,
        0,
        0,
        0,
        0,
        0,
        0,
        0,
        0,
        0,
        0,
        0,
        0,
        0,
        0,
        0,
        0,
        0,
        0,
        0,
        0,
        0,
        0,
        0,
        0,
        0,
        0,
        0,
        0,
        0,
        0,
        0,
        0,
        0,
        0,
        0,
        0,
        0,
        0,
        0,
        0,
        0,
        0,
        0,
        0,
        0,
        0,
        0,
        0,
        0,
        0,
        0,
        0,
        0,
        0,
        0,
        0,
        0,
        0,
        0,
        0,
        0,
        0,
        0,
        0,
        0,
        0,
        0,
        0,
        0,
        0,
        0,
        0,
        0,
        0,
        0,
        0,
        0,
        0,
        0,
        0,
        0,
        0,
        0,
        0,
        0,
        0,
        0,
        0,
        0,
        0,
        0,
        0,
        0,
        0,
        0,
        0,
        0,
        0,
        0,
        0,
        0,
        0,
        0,
        0,
        0,
        0,
        0,
        0,
        0,
        0,
        0,
        0,
        0,
        0,
        0,
        0,
        0,
        0,
        0,
        0,
        0,
        0,
        0,
        0,
        0,
        0,
        0,
        0,
        0,
        0,
        0,
        0,
        0
      ]
    }
  ]
}
