{
  "results": [
    {
      "command": "./dist-newstyle/build/x86_64-linux/ghc-9.4.8/smalltt-0.2.0.2/x/smalltt/build/smalltt/smalltt bench/stlc5k.stt",
      "mean": 113.19998589872283,
      "stddev": 2.050901184000112,
      "median": 113.20191409962,
      "user": 370.43655063142853,
      "system": 100.71395968571429,
      "min": 108.55325104961999,
      "max": 117.62222278662,
      "times": [
        115.90467661061999,
        110.17780772962,
        111.17211186162,
        114.68466760161999,
        114.21744723562,
        112.90191189062,
        111.70823837462,
        112.35262211962,
        111.93495463961999,
        114.30515788961999,
        112.84572769462,
        108.55325104961999,
        116.50297911562,
        115.19578713562,
        115.15308751661999,
        115.12218663361999,
        114.08812484161999,
        112.00894175162,
        111.45527884562,
        114.18607267361999,
        112.71813417662,
        115.46819503862,
        110.58769213062,
        113.76745574462,
        112.72280392761999,
        115.57895397761999,
        114.98245379261999,
        109.79353315862,
        112.90081785061999,
        110.55372850062,
        114.44230321862,
        115.11481609162,
        114.51742946261999,
        112.77232506662,
        111.78079392261999,
        109.80106811562,
        109.71110290962,
        115.19373810962,
        111.78378367462,
        109.38751030862,
        108.76202800461999,
        113.36800573661999,
        113.64971472362,
        110.19819616961999,
        110.06591780661999,
        109.64331066461999,
        115.46128999961999,
        110.52078347762,
        111.48372882662,
        114.37133019161999,
        113.78419646361999,
        113.55701531061999,
        110.38391844361999,
        108.89889286062,
        112.03596046162,
        109.99779684362,
        111.48482947261999,
        114.36828077461999,
        115.98205963662,
        116.58985413762,
        114.77096980062,
        112.78884254162,
        114.96303218761999,
        112.79851774961999,
        111.51229039562,
        112.05880725562,
        110.25669977161999,
        115.20341734862,
        112.53128785662,
        114.86819444461999,
        113.18443029762,
        112.02443246262,
        110.04765552862,
        113.66147054461999,
        111.73420471061999,
        114.16007685662,
        116.63153630762,
        115.02959665462,
        110.18348482261999,
        110.18520663861999,
        111.90021665761999,
        114.85581604661999,
        115.72194362562,
        109.65327274561999,
        116.01444612661999,
        111.45156743262,
        112.64848051361999,
        115.54211849862,
        110.15107098662,
        111.08360434062,
        113.90023210061999,
        110.53562009362,
        111.86791019761999,
        115.27086555861999,
        112.27323020162,
        113.16844869362,
        111.55928848462,
        112.78503983162,
        113.04026824562,
        116.06603330861999,
        117.16257273762,
        111.47911248061999,
        112.25075157062,
        111.61074125661999,
        114.53945679962,
        109.05909509662,
        114.50578418062,
        112.12736777961999,
        112.75249621361999,
        113.49515933462,
        115.32902153961999,
        112.58583909362,
        116.52307367462,
        115.59217059762,
        116.15225489662,
        115.42083625462,
        113.38053719362,
        112.86517084361999,
        115.08635084961999,
        115.60785457562,
        115.20761664061999,
        115.17036805561999,
        114.58879056961999,
        111.87458241361999,
        112.13911764762,
        114.56001081462,
        109.93069422161999,
        110.13212754861999,
        110.86547794562,
        111.33485030061999,
        114.95031829962,
        114.68630406061999,
        114.49531472061999,
        117.62222278662,
        111.90104945761999,
        113.44706647161999,
        112.80592030961999,
        113.20191409962,
        113.83340278361999,
        112.10732750161999,
        114.66764547362,
        114.40711547561999,
        114.81183948862,
        114.82411285762,
        111.35750137862,
        114.13866349861999,
        115.48835684961999,
        114.08946281962,
        115.22734433661999,
        115.45022259762,
        116.26326167261999,
        113.74555315261999,
        113.65718512462,
        116.25125330661999,
        115.25210904561999,
        113.10255599162,
        114.56918483461999,
        112.36746238661999,
        114.20056057561999,
        116.16373459862,
        112.11433227162,
        116.30856903761999,
        111.03757771762,
        111.62478297262,
        112.40197910362,
        116.05529442561999,
        112.09062768561999,
        113.65595470461999,
        112.57289192462,
        115.79761409161999,
        112.94967489961999,
        111.08638137262,
        114.93618784462,
        113.27263390162,
        110.93737097562
      ],
      "exit_codes": [
        0,
        0,
        0,
        0,
        0,
        0,
        0,
        0,
        0,
        0,
        0,
        0,
        0,
        0,
        0,
        0,
        0,
        0,
        0,
        0,
        0,
        0,
        0,
        0,
        0,
        0,
        0,
        0,
        0,
        0,
        0,
        0,
        0,
        0,
        0,
        0,
        0,
        0,
        0,
        0,
        0,
        0,
        0,
        0,
        0,
        0,
        0,
        0,
        0,
        0,
        0,
        0,
        0,
        0,
        0,
        0,
        0,
        0,
        0,
        0,
        0,
        0,
        0,
        0,
        0,
        0,
        0,
        0,
        0,
        0,
        0,
        0,
        0,
        0,
        0,
        0,
        0,
        0,
        0,
        0,
        0,
        0,
        0,
        0,
        0,
        0,
        0,
        0,
        0,
        0,
        0,
        0,
        0,
        0,
        0,
        0,
        0,
        0,
        0,
        0,
        0,
        0,
        0,
        0,
        0,
        0,
        0,
        0,
        0,
        0,
        0,
        0,
        0,
        0,
        0,
        0,
        0,
        0,
        0,
        0,
        0,
        0,
        0,
        0,
        0,
        0,
        0,
        0,
        0,
        0,
        0,
        0,
        0,
        0,
        0,
        0,
        0,
        0,
        0,
        0,
        0,
        0,
        0,
        0,
        0,
        0,
        0,
        0,
        0,
        0,
        0,
        0,
        0,
        0,
        0,
        0,
        0,
        0,
        0,
        0,
        0,
        0,
        0,
        0,
        0,
        0,
        0,
        0,
        0,
        0,
        0,
        0,
        0,
        0,
        0
      ]
    }
  ]
}
