{
  "results": [
    {
      "command": "./dist-newstyle/build/x86_64-linux/ghc-9.4.8/smalltt-0.2.0.2/x/smalltt/build/smalltt/smalltt bench/stlc_small5k.stt",
      "mean": 3.1532584247114293,
      "stddev": 0.059736654887758305,
      "median": 3.15714724482,
      "user": 8.231710814285714,
      "system": 2.489007622857143,
      "min": 3.0214759778199998,
      "max": 3.29862068582,
      "times": [
        3.1006841178199998,
        3.2123364888199997,
        3.16935555182,
        3.10021282582,
        3.1315655688199997,
        3.14929834382,
        3.15701789282,
        3.0772659228199997,
        3.12629752382,
        3.18186824982,
        3.20128141382,
        3.21599722582,
        3.20179352082,
        3.17514301282,
        3.21163417482,
        3.0864063748199997,
        3.1576079358199998,
        3.18637132382,
        3.1868253848199997,
        3.21641171782,
        3.0764541578199998,
        3.15663070382,
        3.0756578318199996,
        3.23678643582,
        3.15772234582,
        3.10624888582,
        3.14718141982,
        3.21229770182,
        3.20934804282,
        3.14137719782,
        3.1774044078199997,
        3.03012556782,
        3.20202148982,
        3.1768345668199998,
        3.1467919958199997,
        3.22712575682,
        3.0872691518199997,
        3.14808217982,
        3.09706362682,
        3.12356539382,
        3.22672591782,
        3.1073515338199997,
        3.1575313978199997,
        3.08690790382,
        3.15745402582,
        3.2449661758199997,
        3.21689965182,
        3.1709103978199997,
        3.22897976182,
        3.1615955798199997,
        3.0677522918199998,
        3.1365259008199997,
        3.2172950988199998,
        3.08752706782,
        3.07746476182,
        3.12688108482,
        3.20368944582,
        3.0261545708199997,
        3.12683464182,
        3.19381500082,
        3.2121506588199997,
        3.0856572228199997,
        3.1875152498199997,
        3.11701612382,
        3.1673198828199998,
        3.11077167182,
        3.24196657282,
        3.11671968482,
        3.2204615468199997,
        3.16687443382,
        3.11653824682,
        3.09745930182,
        3.1624468438199997,
        3.2021382998199996,
        3.23846658782,
        3.2265151738199997,
        3.2893662828199997,
        3.06640877582,
        3.05601345282,
        3.1071828508199997,
        3.09706333982,
        3.0969207228199997,
        3.0454567088199997,
        3.12664096782,
        3.1269259098199997,
        3.0349949808199996,
        3.12298843382,
        3.1978867908199997,
        3.2483144078199997,
        3.18109517082,
        3.09722940682,
        3.1827041868199997,
        3.2403693048199997,
        3.1513980128199996,
        3.0609179578199996,
        3.0507606998199996,
        3.15956868282,
        3.16846963182,
        3.08939959682,
        3.07929192782,
        3.17227872382,
        3.1780853638199997,
        3.1464123488199998,
        3.25783242682,
        3.16772390682,
        3.06165443382,
        3.06158959882,
        3.1791428808199997,
        3.0214759778199998,
        3.10787615482,
        3.15714724482,
        3.2183564788199996,
        3.1295109108199997,
        3.17297800782,
        3.12481992382,
        3.13650279582,
        3.07145084182,
        3.1771890038199997,
        3.20173468582,
        3.0771775038199998,
        3.14676841082,
        3.16057335082,
        3.1465340338199996,
        3.10633550882,
        3.20710703882,
        3.02986798982,
        3.13067481082,
        3.2119976908199996,
        3.19369230382,
        3.2609132488199997,
        3.12734550282,
        3.1663672578199997,
        3.1466361618199996,
        3.14611948482,
        3.1124602268199997,
        3.25820385882,
        3.2874318258199997,
        3.15767731482,
        3.2946019668199997,
        3.2382777848199997,
        3.08301961482,
        3.14035212282,
        3.24095440882,
        3.12955255982,
        3.29862068582,
        3.2084921888199998,
        3.16662519482,
        3.12987138582,
        3.14891720882,
        3.18008942482,
        3.18760377482,
        3.09270722082,
        3.15617131382,
        3.2063998568199996,
        3.17033260282,
        3.0671947398199997,
        3.12568872982,
        3.21820215082,
        3.16686569582,
        3.21099345882,
        3.20318447782,
        3.09160540782,
        3.09873686082,
        3.24782407782,
        3.16141057182,
        3.16685346982,
        3.05559440982,
        3.20816143482,
        3.09637282582,
        3.21670771282,
        3.14373211682,
        3.1710534018199996,
        3.1195927748199996,
        3.08073886682,
        3.12746524082
      ],
      "exit_codes": [
        0,
        0,
        0,
        0,
        0,
        0,
        0,
        0,
        0,
        0,
        0,
        0,
        0,
        0,
        0,
        0,
        0,
        0,
        0,
        0,
        0,
        0,
        0,
        0,
        0,
        0,
        0,
        0,
        0,
        0,
        0,
        0,
        0,
        0,
        0,
        0,
        0,
        0,
        0,
        0,
        0,
        0,
        0,
        0,
        0,
        0,
        0,
        0,
        0,
        0,
        0,
        0,
        0,
        0,
        0,
        0,
        0,
        0,
        0,
        0,
        0,
        0,
        0,
        0,
        0,
        0,
        0,
        0,
        0,
        0,
        0,
        0,
        0,
        0,
        0,
        0,
        0,
        0,
        0,
        0,
        0,
        0,
        0,
        0,
        0,
        0,
        0,
        0,
        0,
        0,
        0,
        0,
        0,
        0,
        0,
        0,
        0,
        0,
        0,
        0,
        0,
        0,
        0,
        0,
        0,
        0,
        0,
        0,
        0,
        0,
        0,
        0,
        0,
        0,
        0,
        0,
        0,
        0,
        0,
        0,
        0,
        0,
        0,
        0,
        0,
        0,
        0,
        0,
        0,
        0,
        0,
        0,
        0,
        0,
        0,
        0,
        0,
        0,
        0,
        0,
        0,
        0,
        0,
        0,
        0,
        0,
        0,
        0,
        0,
        0,
        0,
        0,
        0,
        0,
        0,
        0,
        0,
        0,
        0,
        0,
        0,
        0,
        0,
        0,
        0,
        0,
        0,
        0,
        0,
        0,
        0,
        0,
        0,
        0,
        0
      ]
    }
  ]
}
