{
  "results": [
    {
      "command": "./dist-newstyle/build/x86_64-linux/ghc-9.4.8/smalltt-0.2.0.2/x/smalltt/build/smalltt/smalltt bench/stlc_small10k.stt",
      "mean": 6.422745038417147,
      "stddev": 0.1482563529060321,
      "median": 6.434129704479999,
      "user": 18.94090981142857,
      "system": 4.909565888571427,
      "min": 6.005645770479999,
      "max": 6.69683941848,
      "times": [
        6.28258083048,
        6.49784682348,
        6.39488722648,
        6.3820492054799995,
        6.35657542448,
        6.54509405348,
        6.27351130648,
        6.10201544948,
        6.180446196479999,
        6.4794482124799995,
        6.495593706479999,
        6.61663958848,
        6.4556087904799995,
        6.30122585248,
        6.480405579479999,
        6.2710658304799995,
        6.323961251479999,
        6.03588089548,
        6.62700445548,
        6.50573859648,
        6.283301648479999,
        6.38583441348,
        6.69683941848,
        6.63538995648,
        6.680826769479999,
        6.61602499348,
        6.44282236548,
        6.401391107479999,
        6.37091511448,
        6.29846625948,
        6.37675035648,
        6.5489946214799994,
        6.5436785744799995,
        6.60917518548,
        6.3747107414799995,
        6.45881643048,
        6.2354059584799995,
        6.58423703348,
        6.52617118548,
        6.3832785544799995,
        6.66757555048,
        6.3921179734799995,
        6.59720435548,
        6.434129704479999,
        6.09320803548,
        6.58438484848,
        6.56857974948,
        6.40156040548,
        6.4419011264799995,
        6.39151592148,
        6.36972311848,
        6.46338066748,
        6.64518760048,
        6.310717525479999,
        6.40311427948,
        6.46675899048,
        6.39322125748,
        6.4851062184799995,
        6.4041271344799995,
        6.43539741748,
        6.51142124848,
        6.51529109748,
        6.52725516548,
        6.63090750548,
        6.597051619479999,
        6.47527111148,
        6.30447346448,
        6.54795884248,
        6.44674934348,
        6.19679452548,
        6.37090406948,
        6.31990676648,
        6.49760985848,
        6.005645770479999,
        6.50586473348,
        6.383100606479999,
        6.31101048848,
        6.3359648234799995,
        6.2036517474799995,
        6.687607874479999,
        6.32533032948,
        6.48183415648,
        6.64182783048,
        6.597595515479999,
        6.62171002448,
        6.34811615048,
        6.4026244404799995,
        6.32214319648,
        6.57580519648,
        6.34723141048,
        6.42185980648,
        6.44315606148,
        6.4855891324799995,
        6.602127803479999,
        6.354516460479999,
        6.469447530479999,
        6.415192503479999,
        6.548149223479999,
        6.12970242848,
        6.16274894848,
        6.27426862948,
        6.39397400048,
        6.226967549479999,
        6.30466892948,
        6.38351476948,
        6.473870809479999,
        6.318658774479999,
        6.56137106148,
        6.3698785964799995,
        6.323775835479999,
        6.47831544248,
        6.47504516448,
        6.21246577048,
        6.325301736479999,
        6.24247157448,
        6.328885404479999,
        6.36047637848,
        6.24459088248,
        6.61572279548,
        6.44557117148,
        6.62313421948,
        6.4065286944799995,
        6.42975247448,
        6.5304762284799995,
        6.66257789148,
        6.50147100748,
        6.4828114034799995,
        6.16428475748,
        6.46454115248,
        6.41174395148,
        6.2143720584799995,
        6.643354296479999,
        6.10549607048,
        6.022493615479999,
        6.22453206348,
        6.295233629479999,
        6.3648243524799994,
        6.51131982148,
        6.5959024274799996,
        6.16636364848,
        6.50133990148,
        6.46482585248,
        6.31194533248,
        6.3825721694799995,
        6.4152430344799996,
        6.22712455648,
        6.50001572448,
        6.49704349648,
        6.43054262148,
        6.52554567148,
        6.55395897648,
        6.14549803948,
        6.64349289848,
        6.60148049648,
        6.49631264848,
        6.36438608048,
        6.51204917648,
        6.584910059479999,
        6.62250560648,
        6.384553115479999,
        6.35141249148,
        6.608524024479999,
        6.09212973948,
        6.44398171748,
        6.46974089348,
        6.490820053479999,
        6.4014702654799995,
        6.27570849448,
        6.56379674848,
        6.37437275648,
        6.27136530748,
        6.575791382479999,
        6.637366570479999,
        6.442411799479999,
        6.554464321479999
      ],
      "exit_codes": [
        0,
        0,
        0,
        0,
        0,
        0,
        0,
        0,
        0,
        0,
        0,
        0,
        0,
        0,
        0,
        0,
        0,
        0,
        0,
        0,
        0,
        0,
        0,
        0,
        0,
        0,
        0,
        0,
        0,
        0,
        0,
        0,
        0,
        0,
        0,
        0,
        0,
        0,
        0,
        0,
        0,
        0,
        0,
        0,
        0,
        0,
        0,
        0,
        0,
        0,
        0,
        0,
        0,
        0,
        0,
        0,
        0,
        0,
        0,
        0,
        0,
        0,
        0,
        0,
        0,
        0,
        0,
        0,
        0,
        0,
        0,
        0,
        0,
        0,
        0,
        0,
        0,
        0,
        0,
        0,
        0,
        0,
        0,
        0,
        0,
        0,
        0,
        0,
        0,
        0,
        0,
        0,
        0,
        0,
        0,
        0,
        0,
        0,
        0,
        0,
        0,
        0,
        0,
        0,
        0,
        0,
        0,
        0,
        0,
        0,
        0,
        0,
        0,
        0,
        0,
        0,
        0,
        0,
        0,
        0,
        0,
        0,
        0,
        0,
        0,
        0,
        0,
        0,
        0,
        0,
        0,
        0,
        0,
        0,
        0,
        0,
        0,
        0,
        0,
        0,
        0,
        0,
        0,
        0,
        0,
        0,
        0,
        0,
        0,
        0,
        0,
        0,
        0,
        0,
        0,
        0,
        0,
        0,
        0,
        0,
        0,
        0,
        0,
        0,
        0,
        0,
        0,
        0,
        0,
        0,
        0,
        0,
        0,
        0,
        0
      ]
    }
  ]
}
