{
  "results": [
    {
      "command": "./dist-newstyle/build/x86_64-linux/ghc-9.4.8/smalltt-0.2.0.2/x/smalltt/build/smalltt/smalltt bench/stlc_lessimpl5k.stt",
      "mean": 102.63668195124283,
      "stddev": 1.1458495304546867,
      "median": 102.4791074043,
      "user": 334.31714730857135,
      "system": 93.29715329428569,
      "min": 99.9465091723,
      "max": 105.2480236463,
      "times": [
        101.9537999733,
        102.3628209753,
        103.5540129943,
        103.0846233103,
        101.7513081133,
        104.2926478223,
        101.5500868643,
        103.9866928153,
        102.8848792413,
        101.9278407753,
        101.7631828893,
        102.76714831929999,
        102.8019431883,
        102.3366400443,
        101.7099332553,
        102.71294764929999,
        103.5925966913,
        103.42760561029999,
        100.12888397329999,
        101.3008599293,
        101.7171009783,
        102.4263846723,
        101.45627555429999,
        102.38294150429999,
        100.4498475713,
        104.1480520233,
        102.0634203133,
        101.9801830213,
        102.1736497193,
        103.0229218383,
        104.6559914613,
        102.8858210763,
        102.3723491153,
        101.9387792933,
        101.8435314313,
        103.8346811943,
        100.5370182333,
        100.2789900853,
        102.1937684203,
        101.7027890793,
        102.3299155273,
        102.2664144263,
        102.2367255193,
        101.8824189923,
        101.8463505963,
        104.4785178513,
        104.3377967083,
        102.1006054393,
        103.9569091613,
        103.6252385283,
        103.2796901773,
        102.2682095993,
        102.4990615493,
        102.5052416673,
        101.9024466163,
        102.0428442753,
        104.0291690063,
        101.6426216533,
        103.0084917003,
        102.4791074043,
        101.96318733129999,
        104.9624773373,
        102.16352169129999,
        101.0197105533,
        103.5167312493,
        104.17318555029999,
        105.2480236463,
        101.5246536583,
        102.8078198873,
        102.5572118983,
        101.2783511493,
        102.8349425673,
        104.3994973863,
        101.0174705653,
        103.9311287723,
        102.9406391863,
        104.9616199963,
        101.7489771833,
        103.9262123363,
        102.40110593829999,
        101.8951513203,
        101.1949106193,
        101.15907584029999,
        102.7648623513,
        104.4615145323,
        102.0428488173,
        101.5133253323,
        102.3545170343,
        100.5458538143,
        102.1801597593,
        103.3583048783,
        103.24124208629999,
        101.6681733013,
        100.7337985433,
        101.2321233073,
        104.4301799853,
        101.3202123863,
        102.4500979453,
        101.8395587173,
        102.8538709863,
        101.6382449173,
        104.04679358829999,
        103.1064229043,
        102.2457487553,
        104.51779123429999,
        104.2357858383,
        102.7615436233,
        101.9560376363,
        103.6334635443,
        104.7518309473,
        102.2537179663,
        103.0902818503,
        102.0555527283,
        103.5704604363,
        102.0017266773,
        101.6606773013,
        102.9338841263,
        102.9023123283,
        104.6067144203,
        102.7055180073,
        103.4743181833,
        102.7243240263,
        104.2412204173,
        102.8926382123,
        102.5363797343,
        104.08311169529999,
        103.2278312823,
        102.2674652693,
        101.58960797329999,
        102.4059638123,
        100.4668122913,
        103.8928099103,
        103.1690501983,
        102.3686007083,
        102.9270866693,
        102.2053637833,
        104.9738272823,
        103.02920306829999,
        101.5962019943,
        102.8727254503,
        104.9294096743,
        102.5650990483,
        103.4508747323,
        101.6952241993,
        99.9465091723,
        102.2652810323,
        103.2594713373,
        102.6694921613,
        103.7820398793,
        103.8581726713,
        104.3116246083,
        102.17869758329999,
        102.0311350643,
        102.0386530883,
        102.9434808043,
        101.52842201429999,
        103.3949024983,
        101.8732026973,
        104.3402834123,
        102.0340848573,
        102.20830169829999,
        103.99633280729999,
        103.9596609833,
        104.7435742543,
        103.8086309923,
        104.0565718773,
        102.6972795363,
        101.5619030503,
        100.2259445763,
        100.0778971443,
        101.7414725303,
        102.8747389473,
        102.1276282963,
        100.7237707673,
        102.61154581529999
      ],
      "exit_codes": [
        0,
        0,
        0,
        0,
        0,
        0,
        0,
        0,
        0,
        0,
        0,
        0,
        0,
        0,
        0,
        0,
        0,
        0,
        0,
        0,
        0,
        0,
        0,
        0,
        0,
        0,
        0,
        0,
        0,
        0,
        0,
        0,
        0,
        0,
        0,
        0,
        0,
        0,
        0,
        0,
        0,
        0,
        0,
        0,
        0,
        0,
        0,
        0,
        0,
        0,
        0,
        0,
        0,
        0,
        0,
        0,
        0,
        0,
        0,
        0,
        0,
        0,
        0,
        0,
        0,
        0,
        0,
        0,
        0,
        0,
        0,
        0,
        0,
        0,
        0,
        0,
        0,
        0,
        0,
        0,
        0,
        0,
        0,
        0,
        0,
        0,
        0,
        0,
        0,
        0,
        0,
        0,
        0,
        0,
        0,
        0,
        0,
        0,
        0,
        0,
        0,
        0,
        0,
        0,
        0,
        0,
        0,
        0,
        0,
        0,
        0,
        0,
        0,
        0,
        0,
        0,
        0,
        0,
        0,
        0,
        0,
        0,
        0,
        0,
        0,
        0,
        0,
        0,
        0,
        0,
        0,
        0,
        0,
        0,
        0,
        0,
        0,
        0,
        0,
        0,
        0,
        0,
        0,
        0,
        0,
        0,
        0,
        0,
        0,
        0,
        0,
        0,
        0,
        0,
        0,
        0,
        0,
        0,
        0,
        0,
        0,
        0,
        0,
        0,
        0,
        0,
        0,
        0,
        0,
        0,
        0,
        0,
        0,
        0,
        0
      ]
    }
  ]
}
