{
  "results": [
    {
      "command": "./dist-newstyle/build/x86_64-linux/ghc-9.4.8/smalltt-0.2.0.2/x/smalltt/build/smalltt/smalltt bench/stlc.stt",
      "mean": 2.8289818596085707,
      "stddev": 0.04838754596951272,
      "median": 2.83070679618,
      "user": 7.348250274285716,
      "system": 2.8837142428571436,
      "min": 2.64473613518,
      "max": 2.94546640918,
      "times": [
        2.80228419718,
        2.85944488618,
        2.78059260118,
        2.78679323918,
        2.8007778601799997,
        2.71718925718,
        2.8933422591799998,
        2.83770143818,
        2.76588346518,
        2.74832123718,
        2.77602750318,
        2.8989582331799997,
        2.80929647918,
        2.85654498018,
        2.84728516318,
        2.89642506418,
        2.8848724231799996,
        2.89616899218,
        2.81845038518,
        2.81920477618,
        2.78566642718,
        2.89009435918,
        2.82516758118,
        2.80690510718,
        2.86494870118,
        2.78061117518,
        2.81505046818,
        2.83593246918,
        2.9246169641799997,
        2.80578968218,
        2.78533462518,
        2.86430786318,
        2.8543224021799998,
        2.80981354918,
        2.86113899618,
        2.91730521018,
        2.77520088618,
        2.87945147618,
        2.8551546541799997,
        2.8553139391799998,
        2.81565820918,
        2.88553768718,
        2.8893731681799997,
        2.81623375518,
        2.86053312518,
        2.9213139731799997,
        2.82575584718,
        2.79517686218,
        2.85612299618,
        2.89980857718,
        2.8290863381799998,
        2.8957899711799997,
        2.8351131001799996,
        2.79396143918,
        2.86959482818,
        2.8660740831799996,
        2.86848962718,
        2.82903599118,
        2.79569027218,
        2.8363355491799997,
        2.8344861511799997,
        2.94546640918,
        2.78427801418,
        2.8143412391799996,
        2.81568036418,
        2.7848894651799996,
        2.83099981118,
        2.88872372118,
        2.79350501818,
        2.78611519218,
        2.85770266618,
        2.8278662891799997,
        2.76409966018,
        2.8801557611799997,
        2.80888821718,
        2.80441355918,
        2.78613936018,
        2.79514390718,
        2.78707589918,
        2.86412239218,
        2.83463487918,
        2.8063506331799997,
        2.83527722918,
        2.85551190618,
        2.8650890741799997,
        2.7547172871799996,
        2.8545364691799997,
        2.82117465718,
        2.84501595818,
        2.80528974918,
        2.8147285731799996,
        2.79824929618,
        2.83070679618,
        2.7959254361799997,
        2.82546076418,
        2.92470864318,
        2.87838055718,
        2.7678533331799997,
        2.86640244418,
        2.8449746291799998,
        2.85494016718,
        2.87042250218,
        2.8547130841799997,
        2.80064405118,
        2.83529282018,
        2.82542567018,
        2.8639369651799997,
        2.8471308381799996,
        2.86865919018,
        2.88599020218,
        2.82836082118,
        2.83838452418,
        2.80514060218,
        2.8102507111799997,
        2.8501287781799998,
        2.88421621918,
        2.8429406181799997,
        2.82402774318,
        2.78654937018,
        2.8400686031799998,
        2.74705866418,
        2.9065259421799996,
        2.84145553318,
        2.93141397518,
        2.8173357971799997,
        2.81593954018,
        2.82579625018,
        2.86748417318,
        2.8859275521799996,
        2.84728248018,
        2.85512948018,
        2.82611811118,
        2.82564027818,
        2.86629905618,
        2.85619011818,
        2.82402917118,
        2.8750386991799997,
        2.86393307618,
        2.77447348118,
        2.86411075318,
        2.86996163318,
        2.84753011718,
        2.86085451518,
        2.84581799418,
        2.87749119918,
        2.8200395761799997,
        2.8453548121799996,
        2.89608899618,
        2.8650501241799997,
        2.78508534118,
        2.82554712318,
        2.7948281481799997,
        2.7984274231799997,
        2.8655115511799996,
        2.77113593718,
        2.83493916118,
        2.84618353118,
        2.82689613618,
        2.71755684518,
        2.78237705318,
        2.85516615818,
        2.8083780041799997,
        2.75562177518,
        2.7400155371799997,
        2.79990899418,
        2.7040693481799996,
        2.8340560411799998,
        2.7052017241799997,
        2.79602725718,
        2.80558614018,
        2.78603551018,
        2.75013754118,
        2.73036616318,
        2.64473613518,
        2.6939784781799996
      ],
      "exit_codes": [
        0,
        0,
        0,
        0,
        0,
        0,
        0,
        0,
        0,
        0,
        0,
        0,
        0,
        0,
        0,
        0,
        0,
        0,
        0,
        0,
        0,
        0,
        0,
        0,
        0,
        0,
        0,
        0,
        0,
        0,
        0,
        0,
        0,
        0,
        0,
        0,
        0,
        0,
        0,
        0,
        0,
        0,
        0,
        0,
        0,
        0,
        0,
        0,
        0,
        0,
        0,
        0,
        0,
        0,
        0,
        0,
        0,
        0,
        0,
        0,
        0,
        0,
        0,
        0,
        0,
        0,
        0,
        0,
        0,
        0,
        0,
        0,
        0,
        0,
        0,
        0,
        0,
        0,
        0,
        0,
        0,
        0,
        0,
        0,
        0,
        0,
        0,
        0,
        0,
        0,
        0,
        0,
        0,
        0,
        0,
        0,
        0,
        0,
        0,
        0,
        0,
        0,
        0,
        0,
        0,
        0,
        0,
        0,
        0,
        0,
        0,
        0,
        0,
        0,
        0,
        0,
        0,
        0,
        0,
        0,
        0,
        0,
        0,
        0,
        0,
        0,
        0,
        0,
        0,
        0,
        0,
        0,
        0,
        0,
        0,
        0,
        0,
        0,
        0,
        0,
        0,
        0,
        0,
        0,
        0,
        0,
        0,
        0,
        0,
        0,
        0,
        0,
        0,
        0,
        0,
        0,
        0,
        0,
        0,
        0,
        0,
        0,
        0,
        0,
        0,
        0,
        0,
        0,
        0,
        0,
        0,
        0,
        0,
        0,
        0
      ]
    }
  ]
}
