{
  "results": [
    {
      "command": "./dist-newstyle/build/x86_64-linux/ghc-9.4.8/smalltt-0.2.0.2/x/smalltt/build/smalltt/smalltt bench/stlc_small.stt",
      "mean": 0.06532257313999999,
      "stddev": 0.0006260437485907484,
      "median": 0.06516957818,
      "user": 0.02133162285714284,
      "system": 0.04348183999999998,
      "min": 0.06452044518000001,
      "max": 0.06696440618,
      "times": [
        0.06679580918,
        0.06516648318,
        0.06495626618,
        0.06592234618000001,
        0.06481119718,
        0.06473620718,
        0.06468171918,
        0.06474273318000001,
        0.06539517118,
        0.06468018418,
        0.06615707818000001,
        0.06619743018,
        0.06550543518,
        0.06645090418,
        0.06618926718000001,
        0.06519745518,
        0.06467840518000001,
        0.06472974418,
        0.06477798718000001,
        0.06474498318000001,
        0.06482447318000001,
        0.06468526318000001,
        0.06471652118,
        0.06463489318,
        0.06480818818,
        0.06492990618000001,
        0.06644362218000001,
        0.06545890418,
        0.06559804118000001,
        0.06508874918,
        0.06516063818000001,
        0.06645574018,
        0.06545697618,
        0.06538790118,
        0.06470947818,
        0.06463058818,
        0.06473998818,
        0.06461938018,
        0.06598579818,
        0.06491440918000001,
        0.06469967318,
        0.06465578218000001,
        0.06491460518,
        0.06630072818,
        0.06588128118,
        0.06666708418,
        0.06670171218000001,
        0.06516886118000001,
        0.06680032418000001,
        0.06524764618000001,
        0.06531489518,
        0.06656566418000001,
        0.06532843618,
        0.06524791518,
        0.06464469118,
        0.06650634718000001,
        0.06566189718000001,
        0.06533135018000001,
        0.06515244018,
        0.06463509118,
        0.06533208018,
        0.06469522618000001,
        0.06644497118,
        0.06696440618,
        0.06536579918,
        0.06643131918,
        0.06572322718000001,
        0.06595703518,
        0.06529195418,
        0.06519959618,
        0.06486027218000001,
        0.06522891218,
        0.06574458418000001,
        0.06498241818,
        0.06570881618,
        0.06517406418,
        0.06516957818,
        0.06563619318000001,
        0.06567775218,
        0.06582296618000001,
        0.06489280418,
        0.06604641618000001,
        0.06560091018,
        0.06486089618,
        0.06463454518,
        0.06484257318,
        0.06500248418,
        0.06456811918000001,
        0.06479010218,
        0.06575454718000001,
        0.06613595018,
        0.06541912418000001,
        0.06458426218,
        0.06452044518000001,
        0.06466070318,
        0.06458343218000001,
        0.06583320418000001,
        0.06556874418,
        0.06479737018000001,
        0.06472601918000001,
        0.06534111018000001,
        0.06478778318,
        0.06631154718,
        0.06577651118000001,
        0.06519917918000001,
        0.06519814118,
        0.06626974718,
        0.06511696418,
        0.06502526118,
        0.06532279218,
        0.06600045218,
        0.06620954518000001,
        0.06657892918000001,
        0.06523070218,
        0.06675123918,
        0.06543758718,
        0.06638230818,
        0.06511378518000001,
        0.06643866118000001,
        0.06515985018,
        0.06511845718,
        0.06528144718000001,
        0.06542753018,
        0.06467818118,
        0.06578659218,
        0.06534258518000001,
        0.06462571518,
        0.06476430818000001,
        0.06467446418,
        0.06480446518,
        0.06565743618,
        0.06537028018,
        0.06481211218,
        0.06549253518,
        0.06500340018,
        0.06614645918,
        0.06583571418,
        0.06558306118,
        0.06640207218000001,
        0.06495058318000001,
        0.06621895618000001,
        0.06504880518,
        0.06620730418000001,
        0.06484053418,
        0.06472100218,
        0.06463008418,
        0.06529629118000001,
        0.06462102918000001,
        0.06504016718000001,
        0.06534572818,
        0.06513327018000001,
        0.06486768718000001,
        0.06472969718,
        0.06481031218000001,
        0.06518971518000001,
        0.06470409618,
        0.06465644818,
        0.06462654718000001,
        0.06465758518,
        0.06480527118,
        0.06465351518000001,
        0.06472309718000001,
        0.06493402518000001,
        0.06499382518,
        0.06541484218,
        0.06505550618,
        0.06506331918000001,
        0.06532671218000001,
        0.06469040518000001,
        0.06492576518000001,
        0.06668892518000001,
        0.06606937718,
        0.06488741418,
        0.06514998718000001,
        0.06488703918000001
      ],
      "exit_codes": [
        0,
        0,
        0,
        0,
        0,
        0,
        0,
        0,
        0,
        0,
        0,
        0,
        0,
        0,
        0,
        0,
        0,
        0,
        0,
        0,
        0,
        0,
        0,
        0,
        0,
        0,
        0,
        0,
        0,
        0,
        0,
        0,
        0,
        0,
        0,
        0,
        0,
        0,
        0,
        0,
        0,
        0,
        0,
        0,
        0,
        0,
        0,
        0,
        0,
        0,
        0,
        0,
        0,
        0,
        0,
        0,
        0,
        0,
        0,
        0,
        0,
        0,
        0,
        0,
        0,
        0,
        0,
        0,
        0,
        0,
        0,
        0,
        0,
        0,
        0,
        0,
        0,
        0,
        0,
        0,
        0,
        0,
        0,
        0,
        0,
        0,
        0,
        0,
        0,
        0,
        0,
        0,
        0,
        0,
        0,
        0,
        0,
        0,
        0,
        0,
        0,
        0,
        0,
        0,
        0,
        0,
        0,
        0,
        0,
        0,
        0,
        0,
        0,
        0,
        0,
        0,
        0,
        0,
        0,
        0,
        0,
        0,
        0,
        0,
        0,
        0,
        0,
        0,
        0,
        0,
        0,
        0,
        0,
        0,
        0,
        0,
        0,
        0,
        0,
        0,
        0,
        0,
        0,
        0,
        0,
        0,
        0,
        0,
        0,
        0,
        0,
        0,
        0,
        0,
        0,
        0,
        0,
        0,
        0,
        0,
        0,
        0,
        0,
        0,
        0,
        0,
        0,
        0,
        0,
        0,
        0,
        0,
        0,
        0,
        0
      ]
    }
  ]
}
