{
  "results": [
    {
      "command": "./dist-newstyle/build/x86_64-linux/ghc-9.4.8/smalltt-0.2.0.2/x/smalltt/build/smalltt/smalltt bench/stlc_lessimpl.stt",
      "mean": 2.119212639222856,
      "stddev": 0.03737719458009407,
      "median": 2.12174857264,
      "user": 5.0102473257142845,
      "system": 1.6527732542857143,
      "min": 2.01038899364,
      "max": 2.21542911664,
      "times": [
        2.12555997664,
        2.07052725264,
        2.14120144964,
        2.13109684564,
        2.08955575464,
        2.13709153964,
        2.10573197964,
        2.09139596864,
        2.1208505456399998,
        2.12659311864,
        2.15848668064,
        2.13993979464,
        2.10498346964,
        2.12136466364,
        2.09928953364,
        2.11386789164,
        2.15184759264,
        2.07026879864,
        2.14604003864,
        2.13114425664,
        2.08042482764,
        2.02043002164,
        2.02971439164,
        2.06943326864,
        2.03936864464,
        2.04011711664,
        2.10357572864,
        2.09023848464,
        2.12133505464,
        2.09129290564,
        2.15200329164,
        2.18567849164,
        2.09044418364,
        2.12945541064,
        2.12578826464,
        2.16662188364,
        2.06995902464,
        2.10539416664,
        2.14518007864,
        2.07067599964,
        2.16461808564,
        2.13490359764,
        2.13090808464,
        2.10130053564,
        2.09974764964,
        2.09665935464,
        2.17350348164,
        2.16094693364,
        2.09011027764,
        2.13143356864,
        2.08969598364,
        2.01985177864,
        2.14501444464,
        2.05012735164,
        2.10162153464,
        2.04952054464,
        2.11677123264,
        2.19568809964,
        2.07516387564,
        2.15228385764,
        2.12135298664,
        2.1444685036399997,
        2.13008620664,
        2.10108695064,
        2.11445133864,
        2.1607816996399998,
        2.14078949864,
        2.15120986664,
        2.11548803364,
        2.14384536864,
        2.06157060264,
        2.08487843564,
        2.15525666164,
        2.12449634264,
        2.07420878464,
        2.15438785864,
        2.12136135364,
        2.14620582364,
        2.10033997964,
        2.12582075164,
        2.18791218064,
        2.12035382864,
        2.13091704564,
        2.17070658564,
        2.18320806664,
        2.1441230776399998,
        2.16203235864,
        2.17083003564,
        2.14435848464,
        2.1631062766399998,
        2.10523740864,
        2.11126277064,
        2.1157109206399998,
        2.06456430664,
        2.14801947364,
        2.13140687464,
        2.09549189064,
        2.15121650664,
        2.12359922864,
        2.14454862764,
        2.11140361064,
        2.07437729564,
        2.07527814164,
        2.17523796864,
        2.13452022264,
        2.13437649264,
        2.14182690064,
        2.14108123164,
        2.13171032564,
        2.13082268464,
        2.13081014664,
        2.14577473564,
        2.08442579064,
        2.14563664564,
        2.0722560846399998,
        2.13577882464,
        2.14122712064,
        2.07015970464,
        2.14048856264,
        2.15534240864,
        2.14287728564,
        2.1208927056399998,
        2.10537834664,
        2.12140883864,
        2.14335758464,
        2.13668387464,
        2.10032800664,
        2.14057923864,
        2.1112541506399998,
        2.15653227264,
        2.13579219764,
        2.14333050164,
        2.10116244264,
        2.16116907964,
        2.18481807164,
        2.11374718564,
        2.16519718664,
        2.17121187264,
        2.12100182364,
        2.10281788564,
        2.17044915564,
        2.12024295064,
        2.09067868464,
        2.10173820964,
        2.1408211116399998,
        2.16152014764,
        2.13136831564,
        2.04151907564,
        2.10096679464,
        2.16059093764,
        2.13391080064,
        2.05007241064,
        2.11273578864,
        2.11089236564,
        2.16150625964,
        2.09136249264,
        2.05156957864,
        2.16669451464,
        2.14048755864,
        2.12165075564,
        2.12174857264,
        2.11086741464,
        2.06057304664,
        2.01038899364,
        2.14479440164,
        2.10155676964,
        2.03969268564,
        2.07466620664,
        2.21542911664,
        2.09921393464,
        2.11262941764,
        2.10426583964,
        2.09517112864,
        2.1027349916399998,
        2.13109432364
      ],
      "exit_codes": [
        0,
        0,
        0,
        0,
        0,
        0,
        0,
        0,
        0,
        0,
        0,
        0,
        0,
        0,
        0,
        0,
        0,
        0,
        0,
        0,
        0,
        0,
        0,
        0,
        0,
        0,
        0,
        0,
        0,
        0,
        0,
        0,
        0,
        0,
        0,
        0,
        0,
        0,
        0,
        0,
        0,
        0,
        0,
        0,
        0,
        0,
        0,
        0,
        0,
        0,
        0,
        0,
        0,
        0,
        0,
        0,
        0,
        0,
        0,
        0,
        0,
        0,
        0,
        0,
        0,
        0,
        0,
        0,
        0,
        0,
        0,
        0,
        0,
        0,
        0,
        0,
        0,
        0,
        0,
        0,
        0,
        0,
        0,
        0,
        0,
        0,
        0,
        0,
        0,
        0,
        0,
        0,
        0,
        0,
        0,
        0,
        0,
        0,
        0,
        0,
        0,
        0,
        0,
        0,
        0,
        0,
        0,
        0,
        0,
        0,
        0,
        0,
        0,
        0,
        0,
        0,
        0,
        0,
        0,
        0,
        0,
        0,
        0,
        0,
        0,
        0,
        0,
        0,
        0,
        0,
        0,
        0,
        0,
        0,
        0,
        0,
        0,
        0,
        0,
        0,
        0,
        0,
        0,
        0,
        0,
        0,
        0,
        0,
        0,
        0,
        0,
        0,
        0,
        0,
        0,
        0,
        0,
        0,
        0,
        0,
        0,
        0,
        0,
        0,
        0,
        0,
        0,
        0,
        0,
        0,
        0,
        0,
        0,
        0,
        0
      ]
    }
  ]
}
