{
  "results": [
    {
      "command": "./dist-newstyle/build/x86_64-linux/ghc-9.4.8/smalltt-0.2.0.2/x/smalltt/build/smalltt/smalltt bench/asymptotics.stt",
      "mean": 0.07303055363142862,
      "stddev": 0.004657702033324571,
      "median": 0.07521709630000001,
      "user": 0.030573854285714297,
      "system": 0.041600340000000006,
      "min": 0.0645745593,
      "max": 0.08499433730000001,
      "times": [
        0.06468956930000001,
        0.0748422893,
        0.07495472730000001,
        0.06472055030000001,
        0.0645745593,
        0.0646010033,
        0.0650772743,
        0.07509235530000001,
        0.0650256703,
        0.0753504403,
        0.0648274073,
        0.06487564130000001,
        0.06476453030000001,
        0.06531565830000001,
        0.0753145313,
        0.0751312263,
        0.0647971853,
        0.0647693483,
        0.06506963130000001,
        0.06513455130000001,
        0.0750508623,
        0.06478555130000001,
        0.0649021233,
        0.07491709830000001,
        0.0649922923,
        0.07495749830000001,
        0.07636607930000001,
        0.07669387130000001,
        0.0762182433,
        0.07662196630000001,
        0.07536516730000001,
        0.07574704030000001,
        0.07587072930000001,
        0.0755628693,
        0.07580022730000001,
        0.0760873613,
        0.07511200130000001,
        0.07608388630000001,
        0.0771978313,
        0.07671470030000001,
        0.0762198693,
        0.0751484713,
        0.07723709930000001,
        0.06667441430000001,
        0.0759731913,
        0.0760493153,
        0.07554049030000001,
        0.07624028930000001,
        0.0754736133,
        0.07650988830000001,
        0.0758544443,
        0.07627710030000001,
        0.0764225463,
        0.07546463330000001,
        0.07497679730000001,
        0.07651218330000001,
        0.07561331730000001,
        0.0769416893,
        0.0767134473,
        0.07535772430000001,
        0.07578698630000001,
        0.07571330230000001,
        0.0754953653,
        0.0653680883,
        0.07599011530000001,
        0.06549062230000001,
        0.0762047913,
        0.07499369730000001,
        0.0766705503,
        0.0758862933,
        0.0758495673,
        0.07501784130000001,
        0.07549060330000001,
        0.0759461403,
        0.0760144623,
        0.06538650330000001,
        0.0761948253,
        0.07533091030000001,
        0.06498418130000001,
        0.07581322830000001,
        0.07522687730000001,
        0.0657456433,
        0.0654057863,
        0.0753037453,
        0.0650984113,
        0.0747933803,
        0.0646676543,
        0.0760479953,
        0.0753566343,
        0.0768112913,
        0.0752693833,
        0.06498579230000001,
        0.07579927130000001,
        0.06533055530000001,
        0.07563895030000001,
        0.0756228273,
        0.07599435430000001,
        0.07516029530000001,
        0.07679120430000001,
        0.07547727330000001,
        0.07507084030000001,
        0.07598718730000001,
        0.06540700830000001,
        0.07581820530000001,
        0.06630332030000001,
        0.0755653173,
        0.0646077163,
        0.07476961730000001,
        0.07507025930000001,
        0.08499433730000001,
        0.0646112023,
        0.07563966130000001,
        0.0766541673,
        0.0752152533,
        0.0750874953,
        0.07501571330000001,
        0.0759079693,
        0.07561141430000001,
        0.07594218030000001,
        0.0758429773,
        0.0768847463,
        0.07537713830000001,
        0.07521709630000001,
        0.07641008530000001,
        0.0755519263,
        0.07528952030000001,
        0.0748682023,
        0.07478582130000001,
        0.07590033830000001,
        0.07498680930000001,
        0.0761515363,
        0.07511692430000001,
        0.07556868630000001,
        0.07496817630000001,
        0.07482908830000001,
        0.07542443830000001,
        0.07483871830000001,
        0.0749784193,
        0.07517421630000001,
        0.07509058530000001,
        0.07480799330000001,
        0.0750450123,
        0.0665549883,
        0.0754950313,
        0.0650208223,
        0.0647994833,
        0.07521978730000001,
        0.0750696143,
        0.07502341130000001,
        0.07538071830000001,
        0.06480094830000001,
        0.0647782023,
        0.06600609130000001,
        0.0755350483,
        0.0753736393,
        0.07525959730000001,
        0.07491148030000001,
        0.0751192363,
        0.0654000383,
        0.0751424343,
        0.0751756523,
        0.0749367873,
        0.06488531130000001,
        0.0756366363,
        0.07506991830000001,
        0.07495522330000001,
        0.06492266830000001,
        0.0663432713,
        0.07515283430000001,
        0.0649813773,
        0.0661029473,
        0.07522484330000001,
        0.0754095793,
        0.07503065630000001,
        0.0759098093
      ],
      "exit_codes": [
        0,
        0,
        0,
        0,
        0,
        0,
        0,
        0,
        0,
        0,
        0,
        0,
        0,
        0,
        0,
        0,
        0,
        0,
        0,
        0,
        0,
        0,
        0,
        0,
        0,
        0,
        0,
        0,
        0,
        0,
        0,
        0,
        0,
        0,
        0,
        0,
        0,
        0,
        0,
        0,
        0,
        0,
        0,
        0,
        0,
        0,
        0,
        0,
        0,
        0,
        0,
        0,
        0,
        0,
        0,
        0,
        0,
        0,
        0,
        0,
        0,
        0,
        0,
        0,
        0,
        0,
        0,
        0,
        0,
        0,
        0,
        0,
        0,
        0,
        0,
        0,
        0,
        0,
        0,
        0,
        0,
        0,
        0,
        0,
        0,
        0,
        0,
        0,
        0,
        0,
        0,
        0,
        0,
        0,
        0,
        0,
        0,
        0,
        0,
        0,
        0,
        0,
        0,
        0,
        0,
        0,
        0,
        0,
        0,
        0,
        0,
        0,
        0,
        0,
        0,
        0,
        0,
        0,
        0,
        0,
        0,
        0,
        0,
        0,
        0,
        0,
        0,
        0,
        0,
        0,
        0,
        0,
        0,
        0,
        0,
        0,
        0,
        0,
        0,
        0,
        0,
        0,
        0,
        0,
        0,
        0,
        0,
        0,
        0,
        0,
        0,
        0,
        0,
        0,
        0,
        0,
        0,
        0,
        0,
        0,
        0,
        0,
        0,
        0,
        0,
        0,
        0,
        0,
        0,
        0,
        0,
        0,
        0,
        0,
        0
      ]
    }
  ]
}
