{
  "results": [
    {
      "command": "./dist-newstyle/build/x86_64-linux/ghc-9.4.8/smalltt-0.2.0.2/x/smalltt/build/smalltt/smalltt bench/conv_eval.stt",
      "mean": 47.06467312868857,
      "stddev": 0.3219708404731622,
      "median": 47.13269747034,
      "user": 82.09306030571426,
      "system": 10.87639369714286,
      "min": 46.16970478534,
      "max": 47.89429261834,
      "times": [
        46.942914688340004,
        47.645411811340004,
        47.47365769834,
        47.55692408134,
        47.44026739334,
        47.399921634340004,
        47.170303414340005,
        47.31010945834,
        47.11263745734,
        47.42452765334,
        46.80024876534,
        47.36981716334,
        47.00175416834,
        47.020786143340004,
        46.98247263234,
        47.34248146334,
        47.29971601334,
        47.31027981934,
        47.14162128134,
        47.37216664234,
        47.050801423340005,
        46.85218115234,
        47.220465916340004,
        47.18303269834,
        47.18124064234,
        47.13269747034,
        46.64119443434,
        47.43096733734,
        47.27182947034,
        47.30481808134,
        47.22260423134,
        47.20514975234,
        47.28205329734,
        47.38116052134,
        47.298737547340004,
        47.30032100834,
        47.190005818340005,
        47.29976463034,
        46.779980606340004,
        46.46088848534,
        46.86197595034,
        46.54107466834,
        47.380290473340004,
        46.40170574834,
        47.06230063734,
        46.70418039334,
        47.08960121234,
        47.22061700334,
        47.195134543340004,
        47.29875040734,
        47.48059929634,
        47.45087742434,
        47.29210707034,
        47.44439341034,
        47.541536450340004,
        47.38285557634,
        47.333669667340004,
        47.34215213334,
        47.44216269334,
        46.93184072634,
        47.28039738434,
        47.31522615334,
        46.99083805134,
        47.20439843134,
        46.97055354234,
        47.16009832834,
        46.808794294340004,
        46.84120576434,
        47.291811045340005,
        47.305371999340004,
        46.77123640034,
        46.55081839734,
        46.29028636634,
        47.04184464634,
        46.36127391334,
        47.211654895340004,
        47.16202405834,
        46.69213252734,
        46.55953816934,
        46.69092067234,
        47.00047391234,
        46.95194448334,
        46.773313776340004,
        46.830251113340005,
        46.79343087034,
        47.512726841340005,
        47.12228663234,
        46.80568908334,
        47.24134456334,
        46.98301011334,
        47.47269390734,
        47.40421347734,
        47.21508334234,
        47.21077832334,
        47.49034163334,
        46.16970478534,
        46.66015514834,
        46.87444702834,
        46.78993551834,
        47.41000334334,
        47.54465662134,
        46.92123623834,
        46.92997691434,
        46.99186912334,
        46.87107378234,
        47.333425738340004,
        47.00213735034,
        47.181184526340004,
        47.155051708340004,
        47.26145367034,
        47.11175757134,
        47.19076285234,
        47.28933174334,
        46.92970300634,
        47.13989781134,
        46.75237646434,
        47.04996959234,
        47.22506943834,
        46.68906854434,
        47.00115823334,
        46.52119769834,
        46.461824028340004,
        47.33557494434,
        46.40261865734,
        46.83111342034,
        47.12905999334,
        47.14032718934,
        46.34071983734,
        47.16728991734,
        46.671664970340004,
        46.86086223334,
        46.54132876234,
        47.29294406034,
        47.07250217634,
        47.230710612340005,
        47.180348043340004,
        46.70036882034,
        47.18989116334,
        47.31002729534,
        46.97784541534,
        47.09936241334,
        46.93970944934,
        46.741674897340005,
        47.36279428534,
        47.14962543934,
        47.89429261834,
        46.83016897534,
        47.10244313434,
        46.68179335734,
        46.97170009634,
        46.99274644634,
        47.39138964134,
        47.45299053134,
        47.65631764734,
        47.04487149234,
        46.44898024734,
        47.47150205234,
        46.181703259340004,
        47.07177715534,
        47.059914306340005,
        46.41216796034,
        46.63304904434,
        46.61002014934,
        46.59209352834,
        47.330311610340004,
        47.121026204340005,
        47.54274871634,
        47.33943888434,
        47.15300767434,
        46.75955167134,
        46.689550760340005,
        47.14632395634,
        46.829475942340004,
        47.088726925340005,
        47.17717454634
      ],
      "exit_codes": [
        0,
        0,
        0,
        0,
        0,
        0,
        0,
        0,
        0,
        0,
        0,
        0,
        0,
        0,
        0,
        0,
        0,
        0,
        0,
        0,
        0,
        0,
        0,
        0,
        0,
        0,
        0,
        0,
        0,
        0,
        0,
        0,
        0,
        0,
        0,
        0,
        0,
        0,
        0,
        0,
        0,
        0,
        0,
        0,
        0,
        0,
        0,
        0,
        0,
        0,
        0,
        0,
        0,
        0,
        0,
        0,
        0,
        0,
        0,
        0,
        0,
        0,
        0,
        0,
        0,
        0,
        0,
        0,
        0,
        0,
        0,
        0,
        0,
        0,
        0,
        0,
        0,
        0,
        0,
        0,
        0,
        0,
        0,
        0,
        0,
        0,
        0,
        0,
        0,
        0,
        0,
        0,
        0,
        0,
        0,
        0,
        0,
        0,
        0,
        0,
        0,
        0,
        0,
        0,
        0,
        0,
        0,
        0,
        0,
        0,
        0,
        0,
        0,
        0,
        0,
        0,
        0,
        0,
        0,
        0,
        0,
        0,
        0,
        0,
        0,
        0,
        0,
        0,
        0,
        0,
        0,
        0,
        0,
        0,
        0,
        0,
        0,
        0,
        0,
        0,
        0,
        0,
        0,
        0,
        0,
        0,
        0,
        0,
        0,
        0,
        0,
        0,
        0,
        0,
        0,
        0,
        0,
        0,
        0,
        0,
        0,
        0,
        0,
        0,
        0,
        0,
        0,
        0,
        0,
        0,
        0,
        0,
        0,
        0,
        0
      ]
    }
  ]
}
