{
  "results": [
    {
      "command": "./dist-newstyle/build/x86_64-linux/ghc-9.4.8/smalltt-0.2.0.2/x/smalltt/build/smalltt/smalltt bench/stlc.stt",
      "mean": 0.04399319796571431,
      "stddev": 0.0006242025689332326,
      "median": 0.04395758616,
      "user": 0.013084703085714286,
      "system": 0.02991351428571429,
      "min": 0.042804483160000004,
      "max": 0.04555679916,
      "times": [
        0.04342867116,
        0.04498371116,
        0.04465248216,
        0.04439952816,
        0.04490034816,
        0.04485453916,
        0.04360662316,
        0.043236987160000004,
        0.04444528116,
        0.04458071516,
        0.04387326216,
        0.04447895116,
        0.04410988816,
        0.04523302816,
        0.045169098160000004,
        0.04460858316,
        0.04405565316,
        0.044181132160000004,
        0.04405059316,
        0.04331224416,
        0.04356213916,
        0.043583670160000004,
        0.04326805316,
        0.04423418216,
        0.043592911160000004,
        0.043901760160000004,
        0.04317863316,
        0.044557069160000004,
        0.04383755416,
        0.04392190816,
        0.04313459216,
        0.04347459016,
        0.04355218116,
        0.04336967716,
        0.04407793216,
        0.043511718160000004,
        0.04360758016,
        0.044068314160000004,
        0.04344626016,
        0.04326723316,
        0.04331092016,
        0.04456276616,
        0.04335670416,
        0.044462798160000004,
        0.044272820160000004,
        0.04448084916,
        0.04387957616,
        0.04420536616,
        0.04430810316,
        0.04496510416,
        0.04492604216,
        0.04324308316,
        0.04352717816,
        0.04357752416,
        0.04458676716,
        0.04490552416,
        0.04381124016,
        0.04409225616,
        0.04404901616,
        0.044473451160000003,
        0.04408407516,
        0.04366812516,
        0.04474198916,
        0.04359230716,
        0.04407176016,
        0.04504579416,
        0.044124023160000005,
        0.04408233416,
        0.043547390160000005,
        0.04463732516,
        0.04417034716,
        0.04481809616,
        0.04327923916,
        0.04398390016,
        0.04394208316,
        0.04387524016,
        0.044056329160000005,
        0.043365085160000004,
        0.04480834116,
        0.04387220216,
        0.043772951160000004,
        0.04472731816,
        0.04489817316,
        0.04489625516,
        0.04451227916,
        0.044996837160000004,
        0.04345287716,
        0.04318098816,
        0.042819920160000004,
        0.04296638816,
        0.04362045416,
        0.04425568716,
        0.04445596116,
        0.04340363716,
        0.04359968316,
        0.04296123416,
        0.04372654116,
        0.044388907160000005,
        0.04425085216,
        0.04480703816,
        0.04348593816,
        0.04395758616,
        0.04372325916,
        0.04290588716,
        0.04299435816,
        0.044636021160000004,
        0.04541862916,
        0.04504894716,
        0.04365505216,
        0.04529666616,
        0.04438242516,
        0.04423094516,
        0.04391475016,
        0.04353130016,
        0.043279527160000004,
        0.04471631316,
        0.04440394116,
        0.04342656716,
        0.04451858116,
        0.043737911160000004,
        0.04362535916,
        0.043058833160000004,
        0.04306158616,
        0.04305970516,
        0.043912227160000004,
        0.04337940716,
        0.04410893616,
        0.04503656916,
        0.04325467516,
        0.04437720816,
        0.04384948716,
        0.04399228016,
        0.043408128160000004,
        0.043049578160000004,
        0.04340806916,
        0.04414967016,
        0.04369112116,
        0.04405420516,
        0.04366204116,
        0.04325945816,
        0.04293254916,
        0.042804483160000004,
        0.04447171316,
        0.04309028516,
        0.04338098916,
        0.04428494616,
        0.044464749160000004,
        0.04384251516,
        0.044524730160000005,
        0.04337234516,
        0.04339166516,
        0.04462640916,
        0.04550574816,
        0.04497887316,
        0.04347651716,
        0.04476891316,
        0.04478504516,
        0.04433801616,
        0.04555679916,
        0.04337525816,
        0.04442382016,
        0.04362368816,
        0.044385270160000004,
        0.04424960716,
        0.04405119216,
        0.043741429160000005,
        0.04410682616,
        0.04409216516,
        0.04342801016,
        0.044530228160000004,
        0.04366411516,
        0.043793688160000004,
        0.04331548916,
        0.04354429616,
        0.04345777716
      ],
      "exit_codes": [
        0,
        0,
        0,
        0,
        0,
        0,
        0,
        0,
        0,
        0,
        0,
        0,
        0,
        0,
        0,
        0,
        0,
        0,
        0,
        0,
        0,
        0,
        0,
        0,
        0,
        0,
        0,
        0,
        0,
        0,
        0,
        0,
        0,
        0,
        0,
        0,
        0,
        0,
        0,
        0,
        0,
        0,
        0,
        0,
        0,
        0,
        0,
        0,
        0,
        0,
        0,
        0,
        0,
        0,
        0,
        0,
        0,
        0,
        0,
        0,
        0,
        0,
        0,
        0,
        0,
        0,
        0,
        0,
        0,
        0,
        0,
        0,
        0,
        0,
        0,
        0,
        0,
        0,
        0,
        0,
        0,
        0,
        0,
        0,
        0,
        0,
        0,
        0,
        0,
        0,
        0,
        0,
        0,
        0,
        0,
        0,
        0,
        0,
        0,
        0,
        0,
        0,
        0,
        0,
        0,
        0,
        0,
        0,
        0,
        0,
        0,
        0,
        0,
        0,
        0,
        0,
        0,
        0,
        0,
        0,
        0,
        0,
        0,
        0,
        0,
        0,
        0,
        0,
        0,
        0,
        0,
        0,
        0,
        0,
        0,
        0,
        0,
        0,
        0,
        0,
        0,
        0,
        0,
        0,
        0,
        0,
        0,
        0,
        0,
        0,
        0,
        0,
        0,
        0,
        0,
        0,
        0,
        0,
        0,
        0,
        0,
        0,
        0,
        0,
        0,
        0,
        0,
        0,
        0,
        0,
        0,
        0,
        0,
        0,
        0
      ]
    }
  ]
}
