{
  "results": [
    {
      "command": "./dist-newstyle/build/x86_64-linux/ghc-9.4.8/smalltt-0.2.0.2/x/smalltt/build/smalltt/smalltt bench/stlc100k.stt",
      "mean": 6.362786129385715,
      "stddev": 0.09341476278535873,
      "median": 6.3570032889000005,
      "user": 8.184473794285717,
      "system": 1.1931485828571429,
      "min": 6.167468120900001,
      "max": 6.5708872099,
      "times": [
        6.4999178329000005,
        6.4594944309,
        6.3574382479,
        6.428469010900001,
        6.4390342119,
        6.3472963139,
        6.368282097900001,
        6.468357876900001,
        6.3057789269,
        6.355980857900001,
        6.4289210919,
        6.386981184900001,
        6.4782709029,
        6.4185311049000005,
        6.4351897939,
        6.5076139989,
        6.381607805900001,
        6.527055075900001,
        6.528063594900001,
        6.4783009239,
        6.3785953389,
        6.4968813219,
        6.257992697900001,
        6.4800354549,
        6.4387791919,
        6.4142171039,
        6.479404892900001,
        6.3671199619,
        6.5094420489,
        6.3664506089,
        6.4198373669,
        6.349826780900001,
        6.3989104139,
        6.518898426900001,
        6.408273262900001,
        6.3570032889000005,
        6.258261072900001,
        6.3080225989,
        6.2488640409,
        6.4801169409,
        6.2971625359,
        6.4282184829,
        6.387727503900001,
        6.2570800569000005,
        6.2637841709,
        6.2766162209,
        6.2975106599,
        6.348857095900001,
        6.4288633999,
        6.509557942900001,
        6.336715309900001,
        6.4174452699,
        6.419236224900001,
        6.2565856849,
        6.4181618589000005,
        6.5599704749,
        6.4194966549000005,
        6.4579944079,
        6.379143650900001,
        6.3689497339,
        6.4401361839,
        6.447228898900001,
        6.508099141900001,
        6.3374353589000005,
        6.3563719219,
        6.4377126509,
        6.4280224039,
        6.4995463159,
        6.3782031019000005,
        6.4087747659000005,
        6.4489766609000005,
        6.356929951900001,
        6.3068600739,
        6.1850529469,
        6.2662013429000005,
        6.3209482949,
        6.3173018869,
        6.3281449899,
        6.5198988979,
        6.396466186900001,
        6.4361120639000005,
        6.3873568879,
        6.337917093900001,
        6.3766959739,
        6.418964223900001,
        6.4047999159,
        6.3975537809,
        6.428930390900001,
        6.4694216489,
        6.3469887909,
        6.4067268099,
        6.3374588739,
        6.217146891900001,
        6.3078135789,
        6.499126410900001,
        6.3075246179,
        6.4282759229,
        6.509959994900001,
        6.5378590269000005,
        6.5506408769,
        6.3997290349,
        6.3982136869,
        6.4422189399,
        6.458370594900001,
        6.518302852900001,
        6.4602531529,
        6.297873543900001,
        6.418306196900001,
        6.347870905900001,
        6.3569745039,
        6.2878245039000005,
        6.4387999069,
        6.317390204900001,
        6.421016654900001,
        6.389511688900001,
        6.2514572289000006,
        6.3503952409,
        6.2573948659,
        6.2576770299,
        6.328125954900001,
        6.3379045409,
        6.348023294900001,
        6.4821379419000005,
        6.436298344900001,
        6.192909671900001,
        6.2372868959000005,
        6.3271812569,
        6.247441133900001,
        6.2301201259,
        6.3695224089,
        6.3595419039,
        6.348217417900001,
        6.3375051209,
        6.2764648339,
        6.2825704249,
        6.2879287129,
        6.2063753649,
        6.2773245729000005,
        6.2958247809,
        6.2787681689,
        6.2162603269000005,
        6.2989274989,
        6.5708872099,
        6.4580960079,
        6.446836606900001,
        6.196833460900001,
        6.2269640419000005,
        6.1759027459,
        6.428343846900001,
        6.3285400549,
        6.3022017069,
        6.2877829919,
        6.2576490949000005,
        6.326936997900001,
        6.2873720859,
        6.307265992900001,
        6.2361612369,
        6.3376158559,
        6.2161661529000005,
        6.2868794319,
        6.217093262900001,
        6.4383464429,
        6.2181142179,
        6.227180601900001,
        6.2371009929,
        6.2784913349,
        6.2576524589,
        6.2794610919,
        6.2832543779000005,
        6.237246319900001,
        6.2384171919,
        6.2271520349000005,
        6.167468120900001,
        6.2771104799,
        6.2906255569
      ],
      "exit_codes": [
        0,
        0,
        0,
        0,
        0,
        0,
        0,
        0,
        0,
        0,
        0,
        0,
        0,
        0,
        0,
        0,
        0,
        0,
        0,
        0,
        0,
        0,
        0,
        0,
        0,
        0,
        0,
        0,
        0,
        0,
        0,
        0,
        0,
        0,
        0,
        0,
        0,
        0,
        0,
        0,
        0,
        0,
        0,
        0,
        0,
        0,
        0,
        0,
        0,
        0,
        0,
        0,
        0,
        0,
        0,
        0,
        0,
        0,
        0,
        0,
        0,
        0,
        0,
        0,
        0,
        0,
        0,
        0,
        0,
        0,
        0,
        0,
        0,
        0,
        0,
        0,
        0,
        0,
        0,
        0,
        0,
        0,
        0,
        0,
        0,
        0,
        0,
        0,
        0,
        0,
        0,
        0,
        0,
        0,
        0,
        0,
        0,
        0,
        0,
        0,
        0,
        0,
        0,
        0,
        0,
        0,
        0,
        0,
        0,
        0,
        0,
        0,
        0,
        0,
        0,
        0,
        0,
        0,
        0,
        0,
        0,
        0,
        0,
        0,
        0,
        0,
        0,
        0,
        0,
        0,
        0,
        0,
        0,
        0,
        0,
        0,
        0,
        0,
        0,
        0,
        0,
        0,
        0,
        0,
        0,
        0,
        0,
        0,
        0,
        0,
        0,
        0,
        0,
        0,
        0,
        0,
        0,
        0,
        0,
        0,
        0,
        0,
        0,
        0,
        0,
        0,
        0,
        0,
        0,
        0,
        0,
        0,
        0,
        0,
        0
      ]
    }
  ]
}
