{
  "results": [
    {
      "command": "./dist-newstyle/build/x86_64-linux/ghc-9.4.8/smalltt-0.2.0.2/x/smalltt/build/smalltt/smalltt bench/stlc_lessimpl.stt",
      "mean": 0.04250281308285718,
      "stddev": 0.0037813054523164634,
      "median": 0.04391470422,
      "user": 0.01329859142857143,
      "system": 0.02754658285714286,
      "min": 0.03294099122000001,
      "max": 0.046056329220000004,
      "times": [
        0.04434257222000001,
        0.04465507422000001,
        0.04400430122000001,
        0.04404360822,
        0.043695272220000005,
        0.044303690220000004,
        0.033437159220000005,
        0.03382930122,
        0.04436425622000001,
        0.04325049822,
        0.04407255822000001,
        0.04366028922,
        0.04341982222000001,
        0.04416697522000001,
        0.044697292220000004,
        0.04370042122000001,
        0.043646917220000005,
        0.044353636220000006,
        0.044771641220000005,
        0.04458613722000001,
        0.04391470422,
        0.043468316220000004,
        0.04479927722,
        0.04366788322000001,
        0.04443468222000001,
        0.043876955220000007,
        0.043139377220000004,
        0.044020980220000006,
        0.044984110220000005,
        0.04487973622000001,
        0.04439792922000001,
        0.04389953722000001,
        0.04444847322000001,
        0.04414667622000001,
        0.04476660122000001,
        0.04425333622000001,
        0.04436275222,
        0.043659888220000005,
        0.044326004220000007,
        0.044022275220000004,
        0.04388408522000001,
        0.043924942220000006,
        0.043129289220000006,
        0.043281498220000006,
        0.04377992322,
        0.046056329220000004,
        0.04518818922000001,
        0.04428107422000001,
        0.044782635220000006,
        0.04415546622000001,
        0.043670076220000006,
        0.043573174220000004,
        0.04436594622000001,
        0.04428479422000001,
        0.044184356220000005,
        0.04380258822000001,
        0.043927726220000005,
        0.043667364220000005,
        0.04380241622000001,
        0.04400651122,
        0.043290069220000005,
        0.033218537220000004,
        0.044061058220000004,
        0.033887724220000005,
        0.043339480220000004,
        0.03363456522,
        0.03335604922,
        0.043725315220000005,
        0.04394144122000001,
        0.03431970922000001,
        0.03339597322000001,
        0.04344870522000001,
        0.04396906222000001,
        0.04351826822,
        0.04399011222000001,
        0.04311984322,
        0.04383877622000001,
        0.04435099222,
        0.043192702220000004,
        0.032980941220000004,
        0.04358872122000001,
        0.04395882822,
        0.04362848022000001,
        0.04410261322,
        0.04449949922000001,
        0.04317576322,
        0.04418013522000001,
        0.04378445022000001,
        0.033040581220000004,
        0.043316683220000006,
        0.044248871220000006,
        0.04392794222000001,
        0.044297571220000005,
        0.045004450220000006,
        0.044104230220000006,
        0.03309946222000001,
        0.04428667622000001,
        0.044014532220000006,
        0.04326700222,
        0.044085788220000005,
        0.043231600220000006,
        0.04487329922,
        0.04415317422000001,
        0.033606312220000004,
        0.03357599722000001,
        0.03304540722,
        0.03294099122000001,
        0.032954822220000006,
        0.043463345220000005,
        0.04380289122000001,
        0.03309657422000001,
        0.03320219522000001,
        0.04530704422000001,
        0.044421081220000005,
        0.043418259220000005,
        0.04375998322000001,
        0.043702060220000005,
        0.043704751220000004,
        0.043911380220000004,
        0.04379098222,
        0.044411285220000006,
        0.04440766822000001,
        0.034338103220000006,
        0.04372634922000001,
        0.043967128220000005,
        0.033978726220000005,
        0.043108105220000005,
        0.04415892322000001,
        0.033925892220000003,
        0.03359694222,
        0.04402988322,
        0.04500335122000001,
        0.04462832222,
        0.04393446622,
        0.043663577220000006,
        0.044944942220000006,
        0.034263978220000005,
        0.03368771922,
        0.044312678220000006,
        0.044893058220000004,
        0.04389277222000001,
        0.04401161222,
        0.045460696220000006,
        0.04484836922,
        0.043939694220000006,
        0.04392364822000001,
        0.044111165220000005,
        0.043729915220000005,
        0.04467666322,
        0.04449163222000001,
        0.043639272220000004,
        0.04397689322000001,
        0.04339383922000001,
        0.043719910220000005,
        0.044009407220000005,
        0.04367089222000001,
        0.03461737922000001,
        0.044456911220000006,
        0.044668882220000004,
        0.044315804220000005,
        0.04406305422000001,
        0.043730299220000005,
        0.044412116220000006,
        0.043895492220000006,
        0.04360253422,
        0.04381261622,
        0.04353312922000001,
        0.04339407222,
        0.033624306220000004,
        0.04408727422000001,
        0.045264535220000006,
        0.04501586222000001,
        0.04503464522,
        0.04376572622000001,
        0.04384710522000001
      ],
      "exit_codes": [
        0,
        0,
        0,
        0,
        0,
        0,
        0,
        0,
        0,
        0,
        0,
        0,
        0,
        0,
        0,
        0,
        0,
        0,
        0,
        0,
        0,
        0,
        0,
        0,
        0,
        0,
        0,
        0,
        0,
        0,
        0,
        0,
        0,
        0,
        0,
        0,
        0,
        0,
        0,
        0,
        0,
        0,
        0,
        0,
        0,
        0,
        0,
        0,
        0,
        0,
        0,
        0,
        0,
        0,
        0,
        0,
        0,
        0,
        0,
        0,
        0,
        0,
        0,
        0,
        0,
        0,
        0,
        0,
        0,
        0,
        0,
        0,
        0,
        0,
        0,
        0,
        0,
        0,
        0,
        0,
        0,
        0,
        0,
        0,
        0,
        0,
        0,
        0,
        0,
        0,
        0,
        0,
        0,
        0,
        0,
        0,
        0,
        0,
        0,
        0,
        0,
        0,
        0,
        0,
        0,
        0,
        0,
        0,
        0,
        0,
        0,
        0,
        0,
        0,
        0,
        0,
        0,
        0,
        0,
        0,
        0,
        0,
        0,
        0,
        0,
        0,
        0,
        0,
        0,
        0,
        0,
        0,
        0,
        0,
        0,
        0,
        0,
        0,
        0,
        0,
        0,
        0,
        0,
        0,
        0,
        0,
        0,
        0,
        0,
        0,
        0,
        0,
        0,
        0,
        0,
        0,
        0,
        0,
        0,
        0,
        0,
        0,
        0,
        0,
        0,
        0,
        0,
        0,
        0,
        0,
        0,
        0,
        0,
        0,
        0
      ]
    }
  ]
}
