{
  "results": [
    {
      "command": "./dist-newstyle/build/x86_64-linux/ghc-9.4.8/smalltt-0.2.0.2/x/smalltt/build/smalltt/smalltt bench/stlc_lessimpl5k.stt",
      "mean": 0.5820198022114287,
      "stddev": 0.00976199695802433,
      "median": 0.57605003044,
      "user": 0.2999046285714285,
      "system": 0.31089726285714275,
      "min": 0.5644087934400001,
      "max": 0.61602436944,
      "times": [
        0.58592380944,
        0.57712558744,
        0.58556300444,
        0.57605003044,
        0.59590189444,
        0.57627212444,
        0.58523402244,
        0.57508345244,
        0.58485619444,
        0.57513455744,
        0.58587856944,
        0.59589757644,
        0.58596905944,
        0.58562663444,
        0.59537081644,
        0.57550934044,
        0.58574142444,
        0.57571495144,
        0.58637305544,
        0.59640878844,
        0.5745741224400001,
        0.58621581044,
        0.57498108244,
        0.58611087744,
        0.59634618044,
        0.57514490944,
        0.57533551644,
        0.58583833044,
        0.58531003144,
        0.57513221244,
        0.57515533344,
        0.57625457244,
        0.57514602044,
        0.57592558444,
        0.57581312144,
        0.57570459644,
        0.59639840544,
        0.57509096044,
        0.59611765044,
        0.5862327604400001,
        0.57501471644,
        0.57491860744,
        0.58576183544,
        0.57534004844,
        0.60078484044,
        0.57500928744,
        0.59588948744,
        0.57496491244,
        0.59585142744,
        0.57466430744,
        0.60600653444,
        0.59500642044,
        0.57512617144,
        0.58562408744,
        0.57433895644,
        0.58500953444,
        0.58536579044,
        0.57493024444,
        0.58597235444,
        0.57679837544,
        0.5751022274400001,
        0.57576178744,
        0.61468860244,
        0.58683539744,
        0.57509640944,
        0.58581992844,
        0.57457010744,
        0.60458138244,
        0.57545810844,
        0.57599743844,
        0.57553370744,
        0.57566358244,
        0.58619338144,
        0.57506026444,
        0.5854632964400001,
        0.58610479544,
        0.57465969744,
        0.59580346644,
        0.57472077144,
        0.5760124224400001,
        0.58698197644,
        0.59568731744,
        0.59665424044,
        0.59699862544,
        0.59543513744,
        0.58679594244,
        0.57512291844,
        0.58537015844,
        0.57519840944,
        0.59628402344,
        0.57487107544,
        0.61602436944,
        0.57521128344,
        0.57620250044,
        0.57455261944,
        0.57437018444,
        0.57475275144,
        0.57500500044,
        0.57533885644,
        0.5752092734400001,
        0.57455031144,
        0.57474973644,
        0.57497575744,
        0.57523673744,
        0.59665475744,
        0.57464456444,
        0.57452896844,
        0.61491717144,
        0.59591775544,
        0.57476148244,
        0.59558151744,
        0.57447289444,
        0.59601130744,
        0.57478333744,
        0.58539285444,
        0.57487481444,
        0.58628685244,
        0.57518565544,
        0.57644701044,
        0.57507166444,
        0.57503909044,
        0.58532214744,
        0.59639032344,
        0.57532835844,
        0.57435294844,
        0.57487732944,
        0.57654367744,
        0.57525483744,
        0.59615776544,
        0.57597577544,
        0.60575671244,
        0.57465584344,
        0.58585396044,
        0.57546553544,
        0.58559467544,
        0.57722266044,
        0.57562304744,
        0.57671538944,
        0.59519922044,
        0.59518532644,
        0.56453165444,
        0.57447328644,
        0.5644087934400001,
        0.58555101944,
        0.56448937344,
        0.58570641344,
        0.56447403244,
        0.57547423644,
        0.58484333644,
        0.58472239444,
        0.57472684644,
        0.58571464144,
        0.57465645044,
        0.57580205744,
        0.5749170904400001,
        0.57513876944,
        0.57613041344,
        0.5751845384400001,
        0.58623453744,
        0.58581584344,
        0.57507436544,
        0.59508240044,
        0.57502986944,
        0.58495464844,
        0.57444060344,
        0.57540530644,
        0.57457266544,
        0.57489923544,
        0.58557890944,
        0.58549010344,
        0.57523557044,
        0.58696878844,
        0.57552126944,
        0.57616105344,
        0.59646074244
      ],
      "exit_codes": [
        0,
        0,
        0,
        0,
        0,
        0,
        0,
        0,
        0,
        0,
        0,
        0,
        0,
        0,
        0,
        0,
        0,
        0,
        0,
        0,
        0,
        0,
        0,
        0,
        0,
        0,
        0,
        0,
        0,
        0,
        0,
        0,
        0,
        0,
        0,
        0,
        0,
        0,
        0,
        0,
        0,
        0,
        0,
        0,
        0,
        0,
        0,
        0,
        0,
        0,
        0,
        0,
        0,
        0,
        0,
        0,
        0,
        0,
        0,
        0,
        0,
        0,
        0,
        0,
        0,
        0,
        0,
        0,
        0,
        0,
        0,
        0,
        0,
        0,
        0,
        0,
        0,
        0,
        0,
        0,
        0,
        0,
        0,
        0,
        0,
        0,
        0,
        0,
        0,
        0,
        0,
        0,
        0,
        0,
        0,
        0,
        0,
        0,
        0,
        0,
        0,
        0,
        0,
        0,
        0,
        0,
        0,
        0,
        0,
        0,
        0,
        0,
        0,
        0,
        0,
        0,
        0,
        0,
        0,
        0,
        0,
        0,
        0,
        0,
        0,
        0,
        0,
        0,
        0,
        0,
        0,
        0,
        0,
        0,
        0,
        0,
        0,
        0,
        0,
        0,
        0,
        0,
        0,
        0,
        0,
        0,
        0,
        0,
        0,
        0,
        0,
        0,
        0,
        0,
        0,
        0,
        0,
        0,
        0,
        0,
        0,
        0,
        0,
        0,
        0,
        0,
        0,
        0,
        0,
        0,
        0,
        0,
        0,
        0,
        0
      ]
    }
  ]
}
