{
  "results": [
    {
      "command": "./dist-newstyle/build/x86_64-linux/ghc-9.4.8/smalltt-0.2.0.2/x/smalltt/build/smalltt/smalltt bench/stlc5k.stt",
      "mean": 0.6012873014142858,
      "stddev": 0.008136793235298432,
      "median": 0.59678747506,
      "user": 0.34576238285714295,
      "system": 0.316191462857143,
      "min": 0.58500206806,
      "max": 0.6362745090599999,
      "times": [
        0.59732899306,
        0.60685745006,
        0.59567624006,
        0.59767122306,
        0.5963798460599999,
        0.59756796806,
        0.59700195306,
        0.6068552470599999,
        0.59653327506,
        0.5964710290599999,
        0.6066550120599999,
        0.6068667960599999,
        0.59682278206,
        0.59804524806,
        0.5969389750599999,
        0.59583411506,
        0.59569724406,
        0.6061601330599999,
        0.5956666200599999,
        0.6069700970599999,
        0.5960509080599999,
        0.59664162706,
        0.59667106306,
        0.5964081730599999,
        0.62580881706,
        0.6064137830599999,
        0.5964671270599999,
        0.60568515706,
        0.59612619106,
        0.59666277006,
        0.6063045190599999,
        0.59611691706,
        0.60583728906,
        0.59572015106,
        0.60807116206,
        0.59672191606,
        0.6059406590599999,
        0.59617821506,
        0.59560926706,
        0.60641274106,
        0.59754390106,
        0.5971104630599999,
        0.59633124206,
        0.60730533006,
        0.59645701006,
        0.59678747506,
        0.59685103206,
        0.61616133406,
        0.60681920606,
        0.60726458006,
        0.60596906206,
        0.60619502106,
        0.59653851606,
        0.60717753206,
        0.59690013906,
        0.60733296306,
        0.5960918910599999,
        0.59651836306,
        0.62644342706,
        0.61666215806,
        0.5954597550599999,
        0.6071561330599999,
        0.59635635906,
        0.6359115090599999,
        0.59675242606,
        0.59624878606,
        0.59550063506,
        0.59645214606,
        0.58776076806,
        0.5967283690599999,
        0.6074476370599999,
        0.59619655706,
        0.5964526930599999,
        0.5966395530599999,
        0.59561565206,
        0.59606773106,
        0.59598967006,
        0.59633997906,
        0.60607780306,
        0.60575376406,
        0.59613533206,
        0.59612118406,
        0.60730565306,
        0.60635998206,
        0.59629972706,
        0.60552426906,
        0.59621464406,
        0.61672171606,
        0.59670774506,
        0.60724511806,
        0.59670185306,
        0.59688314606,
        0.5967050510599999,
        0.6362745090599999,
        0.5963242090599999,
        0.59644878006,
        0.59656695706,
        0.61727877706,
        0.59576796406,
        0.59708303806,
        0.5962076200599999,
        0.59731815706,
        0.59582751506,
        0.60618440306,
        0.6061475320599999,
        0.59613947706,
        0.60687959806,
        0.59628181206,
        0.59695797506,
        0.60616040506,
        0.60575545106,
        0.62018284906,
        0.58680182506,
        0.59615940506,
        0.59569870806,
        0.6055958970599999,
        0.6064844390599999,
        0.59607740706,
        0.61557903606,
        0.59605766206,
        0.60602423606,
        0.59714991406,
        0.61571062506,
        0.59565398806,
        0.60614749606,
        0.59605072906,
        0.6055092680599999,
        0.60638525706,
        0.59646832606,
        0.59608195706,
        0.6056159610599999,
        0.59622864306,
        0.60594741706,
        0.5963919330599999,
        0.60636382306,
        0.5955179750599999,
        0.60672851206,
        0.60647370606,
        0.60715089206,
        0.61684412806,
        0.59577282506,
        0.6075166990599999,
        0.59590320206,
        0.59640038606,
        0.60642484806,
        0.59592908306,
        0.59681037606,
        0.5965189760599999,
        0.5961485330599999,
        0.59669282606,
        0.59598648006,
        0.60712761706,
        0.58500206806,
        0.60605461306,
        0.5852248490599999,
        0.59664206606,
        0.59611920206,
        0.6062852560599999,
        0.6070039350599999,
        0.6071079900599999,
        0.59640095106,
        0.59637312406,
        0.61575826506,
        0.5962560030599999,
        0.6057781570599999,
        0.59605177306,
        0.62531592006,
        0.6070703790599999,
        0.59597576606,
        0.59626523906,
        0.59666959406,
        0.59721488406,
        0.6065927650599999,
        0.58646040406,
        0.59559380206
      ],
      "exit_codes": [
        0,
        0,
        0,
        0,
        0,
        0,
        0,
        0,
        0,
        0,
        0,
        0,
        0,
        0,
        0,
        0,
        0,
        0,
        0,
        0,
        0,
        0,
        0,
        0,
        0,
        0,
        0,
        0,
        0,
        0,
        0,
        0,
        0,
        0,
        0,
        0,
        0,
        0,
        0,
        0,
        0,
        0,
        0,
        0,
        0,
        0,
        0,
        0,
        0,
        0,
        0,
        0,
        0,
        0,
        0,
        0,
        0,
        0,
        0,
        0,
        0,
        0,
        0,
        0,
        0,
        0,
        0,
        0,
        0,
        0,
        0,
        0,
        0,
        0,
        0,
        0,
        0,
        0,
        0,
        0,
        0,
        0,
        0,
        0,
        0,
        0,
        0,
        0,
        0,
        0,
        0,
        0,
        0,
        0,
        0,
        0,
        0,
        0,
        0,
        0,
        0,
        0,
        0,
        0,
        0,
        0,
        0,
        0,
        0,
        0,
        0,
        0,
        0,
        0,
        0,
        0,
        0,
        0,
        0,
        0,
        0,
        0,
        0,
        0,
        0,
        0,
        0,
        0,
        0,
        0,
        0,
        0,
        0,
        0,
        0,
        0,
        0,
        0,
        0,
        0,
        0,
        0,
        0,
        0,
        0,
        0,
        0,
        0,
        0,
        0,
        0,
        0,
        0,
        0,
        0,
        0,
        0,
        0,
        0,
        0,
        0,
        0,
        0,
        0,
        0,
        0,
        0,
        0,
        0,
        0,
        0,
        0,
        0,
        0,
        0
      ]
    }
  ]
}
