{
  "results": [
    {
      "command": "./dist-newstyle/build/x86_64-linux/ghc-9.4.8/smalltt-0.2.0.2/x/smalltt/build/smalltt/smalltt bench/stlc_lessimpl10k.stt",
      "mean": 0.8213866772371424,
      "stddev": 0.010463402306866923,
      "median": 0.81648968178,
      "user": 0.5683383857142856,
      "system": 0.32119030857142866,
      "min": 0.79596521478,
      "max": 0.85637819078,
      "times": [
        0.8154849967800001,
        0.8261366747800001,
        0.80648070878,
        0.8257237297800001,
        0.81631521478,
        0.82675021078,
        0.8157784157800001,
        0.8269021547800001,
        0.82676085878,
        0.81619871278,
        0.8377295197800001,
        0.81723026978,
        0.8267354207800001,
        0.81591872678,
        0.82734597078,
        0.81623472878,
        0.83740805578,
        0.82715005078,
        0.81563950878,
        0.83682473578,
        0.8156344747800001,
        0.81646924978,
        0.8164438177800001,
        0.80623031278,
        0.8157346197800001,
        0.8157740827800001,
        0.81562694778,
        0.80533722378,
        0.83728904678,
        0.81586391678,
        0.80556355778,
        0.8466831877800001,
        0.81585694878,
        0.8362319007800001,
        0.8056219207800001,
        0.8155190317800001,
        0.8163024697800001,
        0.81615648978,
        0.81645531878,
        0.82579202078,
        0.8263240457800001,
        0.82667406978,
        0.8167537327800001,
        0.8267791117800001,
        0.82719700878,
        0.8160538957800001,
        0.8366741037800001,
        0.82765487678,
        0.81638506178,
        0.8168640597800001,
        0.85611763078,
        0.83727095178,
        0.8166416507800001,
        0.8154199117800001,
        0.8160311587800001,
        0.8160945847800001,
        0.83611118478,
        0.8159569747800001,
        0.82642095278,
        0.81564003778,
        0.81562798678,
        0.8267723557800001,
        0.83638907078,
        0.82706519578,
        0.81655345178,
        0.81753742378,
        0.8163377367800001,
        0.8162754117800001,
        0.82647467578,
        0.8160690687800001,
        0.8158582817800001,
        0.8278339597800001,
        0.8156619527800001,
        0.81565575678,
        0.8163990467800001,
        0.8081670077800001,
        0.8156830447800001,
        0.81636702778,
        0.83682436878,
        0.8164785077800001,
        0.83636490178,
        0.80758285478,
        0.8172155307800001,
        0.82694041378,
        0.81556339278,
        0.80585889678,
        0.8160322697800001,
        0.81562758278,
        0.8052217887800001,
        0.8169603937800001,
        0.80630271978,
        0.80597429278,
        0.82657677978,
        0.8161473917800001,
        0.81597215278,
        0.8064654587800001,
        0.8169874177800001,
        0.80627279778,
        0.83570534078,
        0.81572550978,
        0.8061561687800001,
        0.8157806977800001,
        0.81690528778,
        0.82619534878,
        0.82601591578,
        0.80608050478,
        0.82628428478,
        0.81562810878,
        0.8162360067800001,
        0.8055746527800001,
        0.83677132578,
        0.81611456778,
        0.8059736647800001,
        0.8054785387800001,
        0.8164403517800001,
        0.8162718237800001,
        0.82654813478,
        0.82661637178,
        0.8265534347800001,
        0.8051917697800001,
        0.81535968678,
        0.8563069897800001,
        0.82691104078,
        0.82669275978,
        0.81557814378,
        0.82707229878,
        0.82674955378,
        0.81650462378,
        0.83642833078,
        0.85637819078,
        0.81546281578,
        0.81581166378,
        0.81595985278,
        0.8374184787800001,
        0.82643158078,
        0.82700719178,
        0.79596521478,
        0.81619634878,
        0.81580230578,
        0.8365308997800001,
        0.81693539778,
        0.82650202878,
        0.83586438478,
        0.8266110737800001,
        0.8171068477800001,
        0.83668443378,
        0.8264245047800001,
        0.81575211778,
        0.8368842467800001,
        0.8159989377800001,
        0.8364023757800001,
        0.83626869778,
        0.8280339697800001,
        0.8262369217800001,
        0.83698641178,
        0.84712000578,
        0.8159028797800001,
        0.82756009578,
        0.82667521978,
        0.82646545478,
        0.8264781157800001,
        0.83760429778,
        0.82626163178,
        0.81591170578,
        0.8161148207800001,
        0.8165992267800001,
        0.81598185178,
        0.81648968178,
        0.81578256478,
        0.8162341187800001,
        0.8260215777800001,
        0.8158032577800001,
        0.82736260878,
        0.81598273578,
        0.81630995078
      ],
      "exit_codes": [
        0,
        0,
        0,
        0,
        0,
        0,
        0,
        0,
        0,
        0,
        0,
        0,
        0,
        0,
        0,
        0,
        0,
        0,
        0,
        0,
        0,
        0,
        0,
        0,
        0,
        0,
        0,
        0,
        0,
        0,
        0,
        0,
        0,
        0,
        0,
        0,
        0,
        0,
        0,
        0,
        0,
        0,
        0,
        0,
        0,
        0,
        0,
        0,
        0,
        0,
        0,
        0,
        0,
        0,
        0,
        0,
        0,
        0,
        0,
        0,
        0,
        0,
        0,
        0,
        0,
        0,
        0,
        0,
        0,
        0,
        0,
        0,
        0,
        0,
        0,
        0,
        0,
        0,
        0,
        0,
        0,
        0,
        0,
        0,
        0,
        0,
        0,
        0,
        0,
        0,
        0,
        0,
        0,
        0,
        0,
        0,
        0,
        0,
        0,
        0,
        0,
        0,
        0,
        0,
        0,
        0,
        0,
        0,
        0,
        0,
        0,
        0,
        0,
        0,
        0,
        0,
        0,
        0,
        0,
        0,
        0,
        0,
        0,
        0,
        0,
        0,
        0,
        0,
        0,
        0,
        0,
        0,
        0,
        0,
        0,
        0,
        0,
        0,
        0,
        0,
        0,
        0,
        0,
        0,
        0,
        0,
        0,
        0,
        0,
        0,
        0,
        0,
        0,
        0,
        0,
        0,
        0,
        0,
        0,
        0,
        0,
        0,
        0,
        0,
        0,
        0,
        0,
        0,
        0,
        0,
        0,
        0,
        0,
        0,
        0
      ]
    }
  ]
}
