{
  "results": [
    {
      "command": "./dist-newstyle/build/x86_64-linux/ghc-9.4.8/smalltt-0.2.0.2/x/smalltt/build/smalltt/smalltt bench/stlc10k.stt",
      "mean": 0.8640765149885716,
      "stddev": 0.012315727870425557,
      "median": 0.8590999825200001,
      "user": 0.6712160085714289,
      "system": 0.3512699457142857,
      "min": 0.8385118835200001,
      "max": 0.9088652485200001,
      "times": [
        0.8577394715200001,
        0.85730009352,
        0.84735004252,
        0.8474954155200001,
        0.8574187495200001,
        0.85785606152,
        0.85718077252,
        0.8476274155200001,
        0.8676253005200001,
        0.84769452652,
        0.90843359552,
        0.8587053195200001,
        0.85782357552,
        0.87703790252,
        0.8575992705200001,
        0.8680538385200001,
        0.85806926752,
        0.85858511752,
        0.84793881652,
        0.84870234552,
        0.84835440452,
        0.84729376952,
        0.87920327452,
        0.85908207352,
        0.8879028855200001,
        0.8590999825200001,
        0.85852637052,
        0.85818120452,
        0.8884882755200001,
        0.8673982345200001,
        0.84847696652,
        0.9078201945200001,
        0.85772307552,
        0.86842072352,
        0.84790408652,
        0.86735432852,
        0.8385118835200001,
        0.8580853645200001,
        0.84861073752,
        0.87866541052,
        0.86032690952,
        0.86827768752,
        0.8584771625200001,
        0.86800262752,
        0.85798965652,
        0.8679749545200001,
        0.9088652485200001,
        0.8486214765200001,
        0.85913511452,
        0.86964914652,
        0.86889801952,
        0.85910724652,
        0.8591790555200001,
        0.8588538145200001,
        0.88915775352,
        0.8983891605200001,
        0.86824411552,
        0.85822672952,
        0.8681548425200001,
        0.86864047952,
        0.86773073452,
        0.86758828952,
        0.86826008052,
        0.8579041645200001,
        0.8681234545200001,
        0.86873423252,
        0.86801942452,
        0.85804004152,
        0.86856134452,
        0.85832440152,
        0.86934284652,
        0.8586145565200001,
        0.88778967752,
        0.8691786665200001,
        0.8582654215200001,
        0.86870044252,
        0.87915796952,
        0.84886433052,
        0.84844477852,
        0.84800653352,
        0.86813896552,
        0.85833869752,
        0.8693421465200001,
        0.85951642752,
        0.88952691752,
        0.86873381652,
        0.86850241352,
        0.85846602252,
        0.86796186452,
        0.86890052452,
        0.85764785052,
        0.86783864852,
        0.86798802352,
        0.85726120352,
        0.86866724352,
        0.85754745852,
        0.84709453952,
        0.84759190252,
        0.8576923575200001,
        0.8683144205200001,
        0.85923100352,
        0.8690458065200001,
        0.85896967952,
        0.8570458105200001,
        0.85900492252,
        0.86887014852,
        0.84962379452,
        0.8593492325200001,
        0.85917178752,
        0.8578648845200001,
        0.87776186152,
        0.85834205052,
        0.8687611875200001,
        0.86892002152,
        0.85796713252,
        0.85904161552,
        0.8589998615200001,
        0.85889796052,
        0.8587490935200001,
        0.87850248052,
        0.86814896852,
        0.88911448152,
        0.86852942952,
        0.8586273375200001,
        0.8594172535200001,
        0.86812477452,
        0.85832296852,
        0.85906580452,
        0.8582349825200001,
        0.85934632452,
        0.8894557135200001,
        0.86991371752,
        0.8587243625200001,
        0.84823637052,
        0.8783395955200001,
        0.8580862475200001,
        0.85900307752,
        0.8986460135200001,
        0.89812892452,
        0.87851766752,
        0.85862001052,
        0.86833334052,
        0.85780902552,
        0.87873664852,
        0.86836762852,
        0.86857679752,
        0.85764421952,
        0.85779894052,
        0.85845900452,
        0.84791255152,
        0.86778760452,
        0.85827833152,
        0.85846155552,
        0.8684974805200001,
        0.85812132852,
        0.86766501852,
        0.85779668452,
        0.8685686585200001,
        0.89933342752,
        0.8581994525200001,
        0.8673903445200001,
        0.8573125835200001,
        0.86839450652,
        0.86842567352,
        0.8582288705200001,
        0.85927894252,
        0.8578886665200001,
        0.85773212452,
        0.8577356485200001,
        0.8688193535200001,
        0.85818047852,
        0.85814720252,
        0.86865206852,
        0.85808573152,
        0.8478116855200001
      ],
      "exit_codes": [
        0,
        0,
        0,
        0,
        0,
        0,
        0,
        0,
        0,
        0,
        0,
        0,
        0,
        0,
        0,
        0,
        0,
        0,
        0,
        0,
        0,
        0,
        0,
        0,
        0,
        0,
        0,
        0,
        0,
        0,
        0,
        0,
        0,
        0,
        0,
        0,
        0,
        0,
        0,
        0,
        0,
        0,
        0,
        0,
        0,
        0,
        0,
        0,
        0,
        0,
        0,
        0,
        0,
        0,
        0,
        0,
        0,
        0,
        0,
        0,
        0,
        0,
        0,
        0,
        0,
        0,
        0,
        0,
        0,
        0,
        0,
        0,
        0,
        0,
        0,
        0,
        0,
        0,
        0,
        0,
        0,
        0,
        0,
        0,
        0,
        0,
        0,
        0,
        0,
        0,
        0,
        0,
        0,
        0,
        0,
        0,
        0,
        0,
        0,
        0,
        0,
        0,
        0,
        0,
        0,
        0,
        0,
        0,
        0,
        0,
        0,
        0,
        0,
        0,
        0,
        0,
        0,
        0,
        0,
        0,
        0,
        0,
        0,
        0,
        0,
        0,
        0,
        0,
        0,
        0,
        0,
        0,
        0,
        0,
        0,
        0,
        0,
        0,
        0,
        0,
        0,
        0,
        0,
        0,
        0,
        0,
        0,
        0,
        0,
        0,
        0,
        0,
        0,
        0,
        0,
        0,
        0,
        0,
        0,
        0,
        0,
        0,
        0,
        0,
        0,
        0,
        0,
        0,
        0,
        0,
        0,
        0,
        0,
        0,
        0
      ]
    }
  ]
}
