{
  "results": [
    {
      "command": "./dist-newstyle/build/x86_64-linux/ghc-9.4.8/smalltt-0.2.0.2/x/smalltt/build/smalltt/smalltt bench/stlc_small.stt",
      "mean": 0.022947910468571434,
      "stddev": 0.0012190069752420058,
      "median": 0.02280717916,
      "user": 0.006794343771428572,
      "system": 0.018550014399999995,
      "min": 0.02204922016,
      "max": 0.03326940816,
      "times": [
        0.023878312159999998,
        0.02341752416,
        0.02265665916,
        0.02217004516,
        0.02325523116,
        0.02320068316,
        0.02364022116,
        0.022317787159999998,
        0.02290161416,
        0.02335573516,
        0.02340285716,
        0.023230333159999998,
        0.02355783216,
        0.02223543216,
        0.02253613816,
        0.02277617316,
        0.02382470216,
        0.02278568116,
        0.02289864016,
        0.02317917116,
        0.02410772616,
        0.02229912116,
        0.02256376716,
        0.02292163716,
        0.02392581316,
        0.02336631916,
        0.02250020916,
        0.02348009416,
        0.02291916516,
        0.02261372416,
        0.02279652416,
        0.022176242159999998,
        0.02327627316,
        0.02317441316,
        0.02280717916,
        0.02301275416,
        0.02368562816,
        0.02350550016,
        0.02257346516,
        0.02322815716,
        0.02264420616,
        0.02311286916,
        0.02224059716,
        0.02215209316,
        0.02213419416,
        0.02293582016,
        0.02306796916,
        0.02276400316,
        0.02228427916,
        0.023082263159999998,
        0.02226778616,
        0.02262525716,
        0.02281894316,
        0.02240395916,
        0.02248045616,
        0.02237307916,
        0.02307402416,
        0.02291522216,
        0.022988796159999998,
        0.02294740816,
        0.02240533116,
        0.02218530316,
        0.02264622916,
        0.02265994616,
        0.02215223216,
        0.02217560516,
        0.02303499416,
        0.02237136416,
        0.02225995216,
        0.02323784316,
        0.02227108116,
        0.02297012816,
        0.02245036916,
        0.02229499416,
        0.02284781516,
        0.02260854616,
        0.02220527616,
        0.02235490816,
        0.02417924916,
        0.02228874616,
        0.02229430916,
        0.02381254216,
        0.02248081016,
        0.022797229159999998,
        0.02294866216,
        0.02235507916,
        0.02282006716,
        0.02211859916,
        0.023163318159999998,
        0.02274390916,
        0.02273323616,
        0.022187619159999998,
        0.02213765216,
        0.02249482816,
        0.02228459616,
        0.02329997516,
        0.03326940816,
        0.02289602116,
        0.02309632516,
        0.02210854916,
        0.02307117316,
        0.02253669516,
        0.02219792716,
        0.02207292416,
        0.02335924616,
        0.02310651516,
        0.02229393816,
        0.02226531716,
        0.02239327016,
        0.022188746159999998,
        0.02243203616,
        0.02287659516,
        0.02219976016,
        0.02317838216,
        0.02297110316,
        0.022168721159999998,
        0.02204922016,
        0.02262000916,
        0.02213128616,
        0.02321467016,
        0.023629043159999998,
        0.02272625416,
        0.02227091116,
        0.02362330316,
        0.02304484516,
        0.02302992416,
        0.02226591016,
        0.02224244516,
        0.02263448916,
        0.02257922116,
        0.02399234716,
        0.02355549516,
        0.02300522716,
        0.02319399616,
        0.02370287216,
        0.03307526116,
        0.02310115816,
        0.02296044516,
        0.02379037116,
        0.02278421716,
        0.02394537516,
        0.02269320616,
        0.02294248016,
        0.02238657116,
        0.022168774159999998,
        0.022142942159999998,
        0.02269385216,
        0.02334491816,
        0.02263022316,
        0.02219829016,
        0.02329958016,
        0.02406843316,
        0.02318942616,
        0.02367583316,
        0.02286733516,
        0.02266033316,
        0.023366954159999998,
        0.02347054516,
        0.02313505916,
        0.02299028916,
        0.022489896159999998,
        0.02223186316,
        0.02275579316,
        0.02375893016,
        0.02358207316,
        0.02326799316,
        0.02325036716,
        0.02297404716,
        0.02229833516,
        0.02226436116,
        0.02223353916,
        0.02308425716,
        0.02310616116,
        0.02290725816,
        0.02216339916
      ],
      "exit_codes": [
        0,
        0,
        0,
        0,
        0,
        0,
        0,
        0,
        0,
        0,
        0,
        0,
        0,
        0,
        0,
        0,
        0,
        0,
        0,
        0,
        0,
        0,
        0,
        0,
        0,
        0,
        0,
        0,
        0,
        0,
        0,
        0,
        0,
        0,
        0,
        0,
        0,
        0,
        0,
        0,
        0,
        0,
        0,
        0,
        0,
        0,
        0,
        0,
        0,
        0,
        0,
        0,
        0,
        0,
        0,
        0,
        0,
        0,
        0,
        0,
        0,
        0,
        0,
        0,
        0,
        0,
        0,
        0,
        0,
        0,
        0,
        0,
        0,
        0,
        0,
        0,
        0,
        0,
        0,
        0,
        0,
        0,
        0,
        0,
        0,
        0,
        0,
        0,
        0,
        0,
        0,
        0,
        0,
        0,
        0,
        0,
        0,
        0,
        0,
        0,
        0,
        0,
        0,
        0,
        0,
        0,
        0,
        0,
        0,
        0,
        0,
        0,
        0,
        0,
        0,
        0,
        0,
        0,
        0,
        0,
        0,
        0,
        0,
        0,
        0,
        0,
        0,
        0,
        0,
        0,
        0,
        0,
        0,
        0,
        0,
        0,
        0,
        0,
        0,
        0,
        0,
        0,
        0,
        0,
        0,
        0,
        0,
        0,
        0,
        0,
        0,
        0,
        0,
        0,
        0,
        0,
        0,
        0,
        0,
        0,
        0,
        0,
        0,
        0,
        0,
        0,
        0,
        0,
        0,
        0,
        0,
        0,
        0,
        0,
        0
      ]
    }
  ]
}
