{
  "results": [
    {
      "command": "./dist-newstyle/build/x86_64-linux/ghc-9.4.8/smalltt-0.2.0.2/x/smalltt/build/smalltt/smalltt bench/stlc_small5k.stt",
      "mean": 0.16391713098285715,
      "stddev": 0.004974206636173635,
      "median": 0.1604188968,
      "user": 0.06850471142857144,
      "system": 0.09683927142857143,
      "min": 0.1590264348,
      "max": 0.1710414438,
      "times": [
        0.1706227108,
        0.1596306038,
        0.1606991248,
        0.1591767188,
        0.1704361308,
        0.1694843948,
        0.1590818878,
        0.1591175248,
        0.15932171679999999,
        0.1694341528,
        0.1590264348,
        0.1697032948,
        0.1593291458,
        0.1601014868,
        0.1604936888,
        0.1595617248,
        0.1705692638,
        0.1599240638,
        0.1592918648,
        0.1699746468,
        0.1607516788,
        0.1591247048,
        0.1706717708,
        0.1599217778,
        0.1709272998,
        0.1605018818,
        0.1696170168,
        0.1601664878,
        0.1596719408,
        0.1601492518,
        0.1703633568,
        0.1693597648,
        0.1704752948,
        0.1700791628,
        0.1597011948,
        0.1695148958,
        0.1694469428,
        0.1593219128,
        0.1606347198,
        0.1593948618,
        0.1701643758,
        0.1602826378,
        0.1604196968,
        0.1693449578,
        0.1590596038,
        0.1704390368,
        0.1710414438,
        0.1695070728,
        0.1595471718,
        0.1602201138,
        0.15975305979999999,
        0.1692358098,
        0.15986553679999999,
        0.17024722579999998,
        0.1700253058,
        0.1698632508,
        0.15917559579999999,
        0.1601470578,
        0.1598829308,
        0.1605182378,
        0.1602707138,
        0.1603542928,
        0.1604188968,
        0.1597225038,
        0.1696918428,
        0.1697333608,
        0.1594874558,
        0.1701026578,
        0.1592757408,
        0.1697714748,
        0.1593198508,
        0.1692542758,
        0.1597276058,
        0.1691332818,
        0.1598839858,
        0.1602289928,
        0.1599672148,
        0.1601048768,
        0.1602862118,
        0.1603405078,
        0.1594660688,
        0.1703892638,
        0.1595366718,
        0.17046605979999999,
        0.1597222258,
        0.1607839348,
        0.1597736398,
        0.15936943979999998,
        0.1598805768,
        0.1597227648,
        0.1596063868,
        0.1606280398,
        0.1602035078,
        0.1604684748,
        0.1595378958,
        0.1591739608,
        0.1701154578,
        0.1614801308,
        0.1597304478,
        0.1590936988,
        0.1600866768,
        0.1696630838,
        0.1609485748,
        0.1600428148,
        0.1701109408,
        0.1598481168,
        0.1697804898,
        0.1701080798,
        0.1693633288,
        0.15992074579999999,
        0.1699838128,
        0.1592884248,
        0.1590755628,
        0.1590795118,
        0.1598731998,
        0.1595570918,
        0.1696156988,
        0.1695170638,
        0.1693695708,
        0.1699087148,
        0.1599699708,
        0.1698471098,
        0.1598374638,
        0.1705052158,
        0.1702188038,
        0.1700066018,
        0.1613302118,
        0.1700116758,
        0.1597943038,
        0.1695950608,
        0.1594403458,
        0.1695920368,
        0.1591871298,
        0.1597734248,
        0.1598340538,
        0.1595914288,
        0.1592997568,
        0.1596028758,
        0.1594108698,
        0.1598980918,
        0.1601934688,
        0.1598893368,
        0.1591284328,
        0.1607266988,
        0.1612034158,
        0.1594360888,
        0.1701110428,
        0.1694835238,
        0.1702734828,
        0.1597828838,
        0.1698420518,
        0.1605485068,
        0.1705244218,
        0.1691683388,
        0.1591811368,
        0.1603860318,
        0.1699703188,
        0.1692994038,
        0.1695252848,
        0.1701580048,
        0.1696317198,
        0.1704944808,
        0.1694157308,
        0.1699844158,
        0.1597128838,
        0.1698874868,
        0.1699995298,
        0.1697533918,
        0.1694378138,
        0.1694881578,
        0.1692629598,
        0.1600481378,
        0.1593464748,
        0.1590459728,
        0.1595279428
      ],
      "exit_codes": [
        0,
        0,
        0,
        0,
        0,
        0,
        0,
        0,
        0,
        0,
        0,
        0,
        0,
        0,
        0,
        0,
        0,
        0,
        0,
        0,
        0,
        0,
        0,
        0,
        0,
        0,
        0,
        0,
        0,
        0,
        0,
        0,
        0,
        0,
        0,
        0,
        0,
        0,
        0,
        0,
        0,
        0,
        0,
        0,
        0,
        0,
        0,
        0,
        0,
        0,
        0,
        0,
        0,
        0,
        0,
        0,
        0,
        0,
        0,
        0,
        0,
        0,
        0,
        0,
        0,
        0,
        0,
        0,
        0,
        0,
        0,
        0,
        0,
        0,
        0,
        0,
        0,
        0,
        0,
        0,
        0,
        0,
        0,
        0,
        0,
        0,
        0,
        0,
        0,
        0,
        0,
        0,
        0,
        0,
        0,
        0,
        0,
        0,
        0,
        0,
        0,
        0,
        0,
        0,
        0,
        0,
        0,
        0,
        0,
        0,
        0,
        0,
        0,
        0,
        0,
        0,
        0,
        0,
        0,
        0,
        0,
        0,
        0,
        0,
        0,
        0,
        0,
        0,
        0,
        0,
        0,
        0,
        0,
        0,
        0,
        0,
        0,
        0,
        0,
        0,
        0,
        0,
        0,
        0,
        0,
        0,
        0,
        0,
        0,
        0,
        0,
        0,
        0,
        0,
        0,
        0,
        0,
        0,
        0,
        0,
        0,
        0,
        0,
        0,
        0,
        0,
        0,
        0,
        0,
        0,
        0,
        0,
        0,
        0,
        0
      ]
    }
  ]
}
