{
  "results": [
    {
      "command": "./dist-newstyle/build/x86_64-linux/ghc-9.4.8/smalltt-0.2.0.2/x/smalltt/build/smalltt/smalltt bench/stlc_small10k.stt",
      "mean": 0.3009946744457143,
      "stddev": 0.005718202319548123,
      "median": 0.29679850412000003,
      "user": 0.13007351999999997,
      "system": 0.17387017428571427,
      "min": 0.29503051312,
      "max": 0.31753785712000004,
      "times": [
        0.30629234212,
        0.29551571512,
        0.29608669912,
        0.29630099712,
        0.29664568012000003,
        0.29600180912,
        0.30731709712,
        0.29576251112,
        0.30630429112,
        0.29548369512,
        0.29524916312,
        0.29518312612000003,
        0.29515757012,
        0.29521876712,
        0.29582901312000004,
        0.29586861012000004,
        0.30646987612000004,
        0.29656217612,
        0.30701516412,
        0.30636156012000004,
        0.30669114112,
        0.29637219912,
        0.31683153412000004,
        0.29532715412,
        0.29562436612000004,
        0.30666120912,
        0.29574511612000004,
        0.30735031512,
        0.29622130412000003,
        0.29637319912000004,
        0.30702775312,
        0.29689071312000004,
        0.30569571912000004,
        0.29674745012000003,
        0.29682330112,
        0.29551467912,
        0.30650099412000004,
        0.29629400812,
        0.29578244512,
        0.31643496612,
        0.29622627312,
        0.29563833312000004,
        0.30593748412,
        0.29622703212,
        0.29601176812,
        0.29572678712,
        0.29588117012000004,
        0.29546762212,
        0.29679850412000003,
        0.29576647112000004,
        0.29570882612,
        0.29668510812000004,
        0.29714126412,
        0.30711471712,
        0.30659524312,
        0.30698437112000004,
        0.29664706412,
        0.30741157512,
        0.30692706712,
        0.29695239412,
        0.29641570512000004,
        0.30704551912,
        0.29631148812,
        0.29692152812,
        0.30649334112000004,
        0.29666355812,
        0.30742214012,
        0.30698136412,
        0.30676309912,
        0.29591199212,
        0.30679542112,
        0.30719881512,
        0.29550894212,
        0.30594159912,
        0.29629180712000003,
        0.30678222312000003,
        0.29703641912,
        0.30627505312000003,
        0.29614891712,
        0.30639755312,
        0.29636126712,
        0.29616602012000004,
        0.30714872412,
        0.29684426512,
        0.30734085212,
        0.29653933312,
        0.30729973112000003,
        0.30675986412,
        0.30637773612,
        0.29600770012,
        0.29581054712,
        0.30620413312,
        0.29620400312,
        0.30601076312000003,
        0.30688413212000004,
        0.30663927112,
        0.30528843512000003,
        0.29631199412000003,
        0.30583560812,
        0.29626373312000004,
        0.30558269612,
        0.29577173912000004,
        0.29564037412,
        0.29586144612000004,
        0.29591670412000004,
        0.30552255212,
        0.29565686712,
        0.30568178512,
        0.29610191512,
        0.30552410012000003,
        0.29614047312,
        0.29559072112,
        0.30574340312000003,
        0.30569832512,
        0.29580704312,
        0.30608603912000004,
        0.29554110012,
        0.30629882012000004,
        0.29581362312000004,
        0.30627101612,
        0.29560216712000004,
        0.29589222512,
        0.30627528612,
        0.29650912312,
        0.30623554112,
        0.29645332112,
        0.31753785712000004,
        0.30708917112,
        0.30710271912000003,
        0.30666736512000004,
        0.29655832712,
        0.30653652612000004,
        0.29553759012,
        0.29658502912,
        0.29627202812000003,
        0.29624815812,
        0.29659500212,
        0.30777846812000004,
        0.29586648812,
        0.30678524012,
        0.30697286212,
        0.29583286512,
        0.29630756512,
        0.29678176512000004,
        0.30750083812,
        0.30664655912,
        0.29685901112,
        0.30666436912,
        0.30655898612000004,
        0.30539397412,
        0.30614403112,
        0.29654980112,
        0.29607490212000004,
        0.29668855012,
        0.30593594012,
        0.29549177712,
        0.30605728812,
        0.30711713212,
        0.29564411512,
        0.29560969012,
        0.29503051312,
        0.29543884912,
        0.30605479412000003,
        0.30672183312,
        0.29608124712,
        0.30739046912,
        0.29660958412,
        0.29691332212,
        0.29608751012,
        0.31691928812000003,
        0.29573846112,
        0.30612536612,
        0.30776722112,
        0.30616327212,
        0.30682679312
      ],
      "exit_codes": [
        0,
        0,
        0,
        0,
        0,
        0,
        0,
        0,
        0,
        0,
        0,
        0,
        0,
        0,
        0,
        0,
        0,
        0,
        0,
        0,
        0,
        0,
        0,
        0,
        0,
        0,
        0,
        0,
        0,
        0,
        0,
        0,
        0,
        0,
        0,
        0,
        0,
        0,
        0,
        0,
        0,
        0,
        0,
        0,
        0,
        0,
        0,
        0,
        0,
        0,
        0,
        0,
        0,
        0,
        0,
        0,
        0,
        0,
        0,
        0,
        0,
        0,
        0,
        0,
        0,
        0,
        0,
        0,
        0,
        0,
        0,
        0,
        0,
        0,
        0,
        0,
        0,
        0,
        0,
        0,
        0,
        0,
        0,
        0,
        0,
        0,
        0,
        0,
        0,
        0,
        0,
        0,
        0,
        0,
        0,
        0,
        0,
        0,
        0,
        0,
        0,
        0,
        0,
        0,
        0,
        0,
        0,
        0,
        0,
        0,
        0,
        0,
        0,
        0,
        0,
        0,
        0,
        0,
        0,
        0,
        0,
        0,
        0,
        0,
        0,
        0,
        0,
        0,
        0,
        0,
        0,
        0,
        0,
        0,
        0,
        0,
        0,
        0,
        0,
        0,
        0,
        0,
        0,
        0,
        0,
        0,
        0,
        0,
        0,
        0,
        0,
        0,
        0,
        0,
        0,
        0,
        0,
        0,
        0,
        0,
        0,
        0,
        0,
        0,
        0,
        0,
        0,
        0,
        0,
        0,
        0,
        0,
        0,
        0,
        0
      ]
    }
  ]
}
